,frame_num,figure_area,ground_area,imdb_id
0,0,0.0,1.0,31455
1,200,0.0,1.0,31455
2,400,0.0,1.0,31455
3,600,0.0,1.0,31455
4,800,0.0,1.0,31455
5,1000,0.0,1.0,31455
6,1200,0.0,1.0,31455
7,1400,0.0,1.0,31455
8,1600,0.0,1.0,31455
9,1800,0.0,1.0,31455
10,2000,0.0,1.0,31455
11,2200,0.0,1.0,31455
12,2400,0.0,1.0,31455
13,2600,0.0,1.0,31455
14,2800,0.0003754340277777,0.9996245659722224,31455
15,3000,0.0,1.0,31455
16,3200,0.0,1.0,31455
17,3400,0.0,1.0,31455
18,3600,0.0013671875,0.9986328125,31455
19,3800,0.0,1.0,31455
20,4000,0.0052039930555555,0.9947960069444444,31455
21,4200,0.0040158420138888,0.9959841579861112,31455
22,4400,0.0869704861111111,0.9130295138888888,31455
23,4600,0.0,1.0,31455
24,4800,0.0890668402777777,0.9109331597222222,31455
25,5000,0.0,1.0,31455
26,5200,0.0,1.0,31455
27,5400,0.0,1.0,31455
28,5600,0.0272428385416666,0.9727571614583334,31455
29,5800,0.0034592013888888,0.9965407986111112,31455
30,6000,0.0,1.0,31455
31,6200,0.0,1.0,31455
32,6400,0.0,1.0,31455
33,6600,0.0,1.0,31455
34,6800,0.0,1.0,31455
35,7000,0.0175108506944444,0.9824891493055556,31455
36,7200,0.3175651041666667,0.6824348958333334,31455
37,7400,0.2973263888888889,0.7026736111111112,31455
38,7600,0.0433528645833333,0.9566471354166668,31455
39,7800,0.0,1.0,31455
40,8000,0.0,1.0,31455
41,8200,0.280029296875,0.719970703125,31455
42,8400,0.24771484375,0.75228515625,31455
43,8600,0.2607074652777778,0.7392925347222222,31455
44,8800,0.0,1.0,31455
45,9000,0.0,1.0,31455
46,9200,0.0,1.0,31455
47,9400,0.0,1.0,31455
48,9600,0.0,1.0,31455
49,9800,0.0,1.0,31455
50,10000,0.0,1.0,31455
51,10200,0.0,1.0,31455
52,10400,0.0,1.0,31455
53,10600,0.0660568576388888,0.9339431423611112,31455
54,10800,0.0,1.0,31455
55,11000,0.0,1.0,31455
56,11200,0.0112554253472222,0.9887445746527778,31455
57,11400,0.1803743489583333,0.8196256510416666,31455
58,11600,0.0,1.0,31455
59,11800,0.1908561197916666,0.8091438802083334,31455
60,12000,0.0031271701388888,0.9968728298611113,31455
61,12200,0.2883083767361111,0.7116916232638889,31455
62,12400,0.231669921875,0.768330078125,31455
63,12600,0.2379177517361111,0.7620822482638889,31455
64,12800,0.21255859375,0.78744140625,31455
65,13000,0.0851041666666666,0.9148958333333334,31455
66,13200,0.0,1.0,31455
67,13400,0.1078786892361111,0.8921213107638889,31455
68,13600,0.0914898003472222,0.9085101996527778,31455
69,13800,0.1056618923611111,0.8943381076388889,31455
70,14000,0.3016677517361111,0.6983322482638888,31455
71,14200,0.3075868055555556,0.6924131944444445,31455
72,14400,0.3546864149305556,0.6453135850694445,31455
73,14600,0.0,1.0,31455
74,14800,0.0,1.0,31455
75,15000,0.3266351996527777,0.6733648003472222,31455
76,15200,0.3003363715277777,0.6996636284722222,31455
77,15400,0.0,1.0,31455
78,15600,0.0525933159722222,0.9474066840277776,31455
79,15800,0.2745355902777778,0.7254644097222223,31455
80,16000,0.1012131076388888,0.8987868923611111,31455
81,16200,0.1076801215277777,0.8923198784722223,31455
82,16400,0.0218815104166666,0.9781184895833334,31455
83,16600,0.3672916666666667,0.6327083333333333,31455
84,16800,0.0,1.0,31455
85,17000,0.2702788628472222,0.7297211371527778,31455
86,17200,0.0,1.0,31455
87,17400,0.0,1.0,31455
88,17600,0.1357801649305555,0.8642198350694444,31455
89,17800,0.0,1.0,31455
90,18000,0.1161338975694444,0.8838661024305555,31455
91,18200,0.1236968315972222,0.8763031684027778,31455
92,18400,0.2658778211805555,0.7341221788194444,31455
93,18600,0.0,1.0,31455
94,18800,0.0173860677083333,0.9826139322916668,31455
95,19000,0.0250640190972222,0.9749359809027778,31455
96,19200,0.0915570746527777,0.9084429253472224,31455
97,19400,0.1786686197916666,0.8213313802083333,31455
98,19600,0.0380284288194444,0.9619715711805557,31455
99,19800,0.10625,0.89375,31455
100,20000,0.0373687065972222,0.9626312934027778,31455
101,20200,0.2520638020833333,0.7479361979166667,31455
102,20400,0.0103960503472222,0.9896039496527778,31455
103,20600,0.2518489583333333,0.7481510416666667,31455
104,20800,0.1058029513888888,0.8941970486111112,31455
105,21000,0.0,1.0,31455
106,21200,0.0,1.0,31455
107,21400,0.0,1.0,31455
108,21600,0.0,1.0,31455
109,21800,0.1006890190972222,0.8993109809027777,31455
110,22000,0.2260438368055556,0.7739561631944445,31455
111,22200,0.0,1.0,31455
112,22400,0.0084049479166666,0.9915950520833332,31455
113,22600,0.1307074652777777,0.8692925347222222,31455
114,22800,0.0,1.0,31455
115,23000,0.1065744357638888,0.8934255642361111,31455
116,23200,0.1466091579861111,0.8533908420138889,31455
117,23400,0.1581792534722222,0.8418207465277778,31455
118,23600,0.1760785590277777,0.8239214409722222,31455
119,23800,0.0,1.0,31455
120,24000,0.1719227430555555,0.8280772569444445,31455
121,24200,0.0314290364583333,0.9685709635416668,31455
122,24400,0.213203125,0.786796875,31455
123,24600,0.1648361545138889,0.8351638454861111,31455
124,24800,0.1009223090277777,0.8990776909722222,31455
125,25000,0.0,1.0,31455
126,25200,0.0338585069444444,0.9661414930555556,31455
127,25400,0.0337348090277777,0.9662651909722222,31455
128,25600,0.0393598090277777,0.9606401909722222,31455
129,25800,0.1552560763888889,0.8447439236111111,31455
130,26000,0.0,1.0,31455
131,26200,0.3394108072916667,0.6605891927083334,31455
132,26400,0.1964171006944444,0.8035828993055556,31455
133,26600,0.3720486111111111,0.6279513888888889,31455
134,26800,0.2895963541666667,0.7104036458333334,31455
135,27000,0.0,1.0,31455
136,27200,0.0318001302083333,0.9681998697916666,31455
137,27400,0.0,1.0,31455
138,27600,0.0,1.0,31455
139,27800,0.0557530381944444,0.9442469618055556,31455
140,28000,0.0011783854166666,0.9988216145833332,31455
141,28200,0.245400390625,0.754599609375,31455
142,28400,0.0,1.0,31455
143,28600,0.005439453125,0.994560546875,31455
144,28800,0.2404134114583333,0.7595865885416667,31455
145,29000,0.1833756510416666,0.8166243489583334,31455
146,29200,0.0,1.0,31455
147,29400,0.0449761284722222,0.9550238715277778,31455
148,29600,0.0425054253472222,0.9574945746527778,31455
149,29800,0.0,1.0,31455
150,30000,0.0,1.0,31455
151,30200,0.0697699652777777,0.9302300347222222,31455
152,30400,0.2561870659722222,0.7438129340277778,31455
153,30600,0.2504958767361111,0.7495041232638889,31455
154,30800,0.0,1.0,31455
155,31000,0.0,1.0,31455
156,31200,0.0,1.0,31455
157,31400,0.0018283420138888,0.9981716579861112,31455
158,31600,0.2973654513888889,0.7026345486111111,31455
159,31800,0.0,1.0,31455
160,32000,0.0191265190972222,0.9808734809027778,31455
161,32200,0.0446864149305555,0.9553135850694444,31455
162,32400,0.0183572048611111,0.9816427951388887,31455
163,32600,0.0,1.0,31455
164,32800,0.2439973958333333,0.7560026041666666,31455
165,33000,0.007890625,0.992109375,31455
166,33200,0.0753667534722222,0.9246332465277778,31455
167,33400,0.2353190104166667,0.7646809895833333,31455
168,33600,0.0891351996527777,0.9108648003472222,31455
169,33800,0.0,1.0,31455
170,34000,0.0,1.0,31455
171,34200,0.0,1.0,31455
172,34400,0.052939453125,0.947060546875,31455
173,34600,0.1248057725694444,0.8751942274305555,31455
174,34800,0.0773155381944444,0.9226844618055556,31455
175,35000,0.1280577256944444,0.8719422743055556,31455
176,35200,0.0,1.0,31455
177,35400,0.1741948784722222,0.8258051215277777,31455
178,35600,0.0204524739583333,0.9795475260416666,31455
179,35800,0.55986328125,0.44013671875,31455
180,36000,0.0476703559027777,0.9523296440972222,31455
181,36200,0.2500531684027778,0.7499468315972222,31455
182,36400,0.1748101128472222,0.8251898871527777,31455
183,36600,0.0,1.0,31455
184,36800,0.0,1.0,31455
185,37000,0.0806597222222222,0.9193402777777778,31455
186,37200,0.1227159288194444,0.8772840711805555,31455
187,37400,0.0138237847222222,0.9861762152777778,31455
188,37600,0.0067122395833333,0.9932877604166668,31455
189,37800,0.1219487847222222,0.8780512152777777,31455
190,38000,0.1287934027777778,0.8712065972222223,31455
191,38200,0.2987944878472222,0.7012055121527778,31455
192,38400,0.0393695746527777,0.9606304253472222,31455
193,38600,0.0,1.0,31455
194,38800,0.0,1.0,31455
195,39000,0.3599110243055555,0.6400889756944445,31455
196,39200,0.0,1.0,31455
197,39400,0.3787250434027778,0.6212749565972222,31455
198,39600,0.3984754774305556,0.6015245225694444,31455
199,39800,0.0,1.0,31455
200,40000,0.1142513020833333,0.8857486979166667,31455
201,40200,0.0,1.0,31455
202,40400,0.0151052517361111,0.9848947482638888,31455
203,40600,0.0490679253472222,0.9509320746527776,31455
204,40800,0.0153059895833333,0.9846940104166668,31455
205,41000,0.0270258246527777,0.9729741753472222,31455
206,41200,0.1050792100694444,0.8949207899305556,31455
207,41400,0.0,1.0,31455
208,41600,0.0947623697916666,0.9052376302083334,31455
209,41800,0.0,1.0,31455
210,42000,0.0,1.0,31455
211,42200,0.0413910590277777,0.9586089409722224,31455
212,42400,0.1725249565972222,0.8274750434027778,31455
213,42600,0.0,1.0,31455
214,42800,0.1663715277777777,0.8336284722222222,31455
215,43000,0.0396961805555555,0.9603038194444444,31455
216,43200,0.1464702690972222,0.8535297309027777,31455
217,43400,0.3105978732638889,0.6894021267361111,31455
218,43600,0.0,1.0,31455
219,43800,0.3266569010416667,0.6733430989583333,31455
220,44000,0.0154079861111111,0.9845920138888888,31455
221,44200,0.3610611979166667,0.6389388020833333,31455
222,44400,0.0,1.0,31455
223,44600,0.0,1.0,31455
224,44800,0.009404296875,0.990595703125,31455
225,45000,0.0309190538194444,0.9690809461805556,31455
226,45200,0.1285416666666666,0.8714583333333333,31455
227,45400,0.0073589409722222,0.9926410590277778,31455
228,45600,0.0794976128472222,0.9205023871527778,31455
229,45800,0.0433051215277777,0.9566948784722222,31455
230,46000,0.2397016059027777,0.7602983940972222,31455
231,46200,0.0271375868055555,0.9728624131944444,31455
232,46400,0.1864409722222222,0.8135590277777778,31455
233,46600,0.0352712673611111,0.9647287326388888,31455
234,46800,0.2126236979166666,0.7873763020833333,31455
235,47000,0.0,1.0,31455
236,47200,0.1002224392361111,0.8997775607638889,31455
237,47400,0.0,1.0,31455
238,47600,0.1418131510416666,0.8581868489583333,31455
239,47800,0.0,1.0,31455
240,48000,0.1375618489583333,0.8624381510416667,31455
241,48200,0.404521484375,0.595478515625,31455
242,48400,0.1990201822916666,0.8009798177083334,31455
243,48600,0.3411729600694444,0.6588270399305556,31455
244,48800,0.2860134548611111,0.7139865451388889,31455
245,49000,0.0,1.0,31455
246,49200,0.0,1.0,31455
247,49400,0.257529296875,0.742470703125,31455
248,49600,0.0031575520833333,0.9968424479166668,31455
249,49800,0.0236957465277777,0.9763042534722224,31455
250,50000,0.0,1.0,31455
251,50200,0.0,1.0,31455
252,50400,0.0,1.0,31455
253,50600,0.0,1.0,31455
254,50800,0.0,1.0,31455
255,51000,0.011376953125,0.988623046875,31455
256,51200,0.0356586371527777,0.9643413628472224,31455
257,51400,0.1001030815972222,0.8998969184027777,31455
258,51600,0.0,1.0,31455
259,51800,0.0,1.0,31455
260,52000,0.0946278211805555,0.9053721788194444,31455
261,52200,0.0,1.0,31455
262,52400,0.2776508246527778,0.7223491753472222,31455
263,52600,0.3719574652777778,0.6280425347222223,31455
264,52800,0.0,1.0,31455
265,53000,0.2675911458333333,0.7324088541666667,31455
266,53200,0.3494205729166667,0.6505794270833334,31455
267,53400,0.0,1.0,31455
268,53600,0.0,1.0,31455
269,53800,0.0574793836805555,0.9425206163194444,31455
270,54000,0.3669281684027777,0.6330718315972222,31455
271,54200,0.0,1.0,31455
272,54400,0.1826117621527777,0.8173882378472223,31455
273,54600,0.0053309461805555,0.9946690538194444,31455
274,54800,0.0,1.0,31455
275,55000,0.0617415364583333,0.9382584635416666,31455
276,55200,0.0388422309027777,0.9611577690972222,31455
277,55400,0.4054622395833333,0.5945377604166666,31455
278,55600,0.070234375,0.929765625,31455
279,55800,0.0215397135416666,0.9784602864583334,31455
280,56000,0.1281901041666666,0.8718098958333333,31455
281,56200,0.0,1.0,31455
282,56400,0.0,1.0,31455
283,56600,0.1113910590277777,0.8886089409722222,31455
284,56800,0.0,1.0,31455
285,57000,0.0,1.0,31455
286,57200,0.0977473958333333,0.9022526041666666,31455
287,57400,0.1064680989583333,0.8935319010416667,31455
288,57600,0.2950455729166667,0.7049544270833333,31455
289,57800,0.0,1.0,31455
290,58000,0.31328125,0.68671875,31455
291,58200,0.0,1.0,31455
292,58400,0.0,1.0,31455
293,58600,0.2247048611111111,0.7752951388888889,31455
294,58800,0.2328342013888889,0.7671657986111111,31455
295,59000,0.2372591145833333,0.7627408854166666,31455
296,59200,0.2826388888888889,0.7173611111111111,31455
297,59400,0.2087565104166666,0.7912434895833333,31455
298,59600,0.2861545138888889,0.7138454861111111,31455
299,59800,0.2644498697916667,0.7355501302083334,31455
300,60000,0.0,1.0,31455
301,60200,0.0,1.0,31455
302,60400,0.285322265625,0.714677734375,31455
303,60600,0.1812228732638889,0.8187771267361111,31455
304,60800,0.2973025173611111,0.7026974826388889,31455
305,61000,0.2554427083333333,0.7445572916666666,31455
306,61200,0.2700998263888889,0.7299001736111111,31455
307,61400,0.1982758246527777,0.8017241753472222,31455
308,61600,0.0,1.0,31455
309,61800,0.0359233940972222,0.9640766059027778,31455
310,62000,0.1197688802083333,0.8802311197916667,31455
311,62200,0.0774338107638888,0.9225661892361112,31455
312,62400,0.0,1.0,31455
313,62600,0.0,1.0,31455
314,62800,0.1480707465277777,0.8519292534722223,31455
315,63000,0.1761805555555555,0.8238194444444444,31455
316,63200,0.0,1.0,31455
317,63400,0.4123708767361111,0.5876291232638889,31455
318,63600,0.0,1.0,31455
319,63800,0.0,1.0,31455
320,64000,0.0574565972222222,0.9425434027777778,31455
321,64200,0.2529828559027778,0.7470171440972222,31455
322,64400,0.2170475260416666,0.7829524739583333,31455
323,64600,0.0616069878472222,0.9383930121527778,31455
324,64800,0.2332508680555556,0.7667491319444445,31455
325,65000,0.0,1.0,31455
326,65200,0.1075499131944444,0.8924500868055556,31455
327,65400,0.3241796875,0.6758203125,31455
328,65600,0.0506499565972222,0.9493500434027776,31455
329,65800,0.0570247395833333,0.9429752604166668,31455
330,66000,0.0854524739583333,0.9145475260416668,31455
331,66200,0.0065299479166666,0.9934700520833334,31455
332,66400,0.0,1.0,31455
333,66600,0.2749131944444444,0.7250868055555556,31455
334,66800,0.1596484375,0.8403515625,31455
335,67000,0.2588661024305556,0.7411338975694445,31455
336,67200,0.237490234375,0.762509765625,31455
337,67400,0.4218804253472222,0.5781195746527777,31455
338,67600,0.4378059895833333,0.5621940104166666,31455
339,67800,0.0,1.0,31455
340,68000,0.2913368055555556,0.7086631944444445,31455
341,68200,0.0,1.0,31455
342,68400,0.0669921875,0.9330078125,31455
343,68600,0.3604741753472222,0.6395258246527777,31455
344,68800,0.3269542100694444,0.6730457899305555,31455
345,69000,0.2386534288194445,0.7613465711805556,31455
346,69200,0.1401551649305555,0.8598448350694444,31455
347,69400,0.4432313368055555,0.5567686631944444,31455
348,69600,0.4010536024305555,0.5989463975694445,31455
349,69800,0.2095572916666666,0.7904427083333333,31455
350,70000,0.0252072482638888,0.9747927517361112,31455
351,70200,0.0077799479166666,0.9922200520833332,31455
352,70400,0.03841796875,0.96158203125,31455
353,70600,0.0,1.0,31455
354,70800,0.0,1.0,31455
355,71000,0.2701215277777777,0.7298784722222222,31455
356,71200,0.2606890190972222,0.7393109809027778,31455
357,71400,0.050185546875,0.949814453125,31455
358,71600,0.0,1.0,31455
359,71800,0.0826714409722222,0.9173285590277778,31455
360,72000,0.0518532986111111,0.9481467013888888,31455
361,72200,0.0142947048611111,0.9857052951388888,31455
362,72400,0.0407150607638888,0.9592849392361112,31455
363,72600,0.2489290364583333,0.7510709635416667,31455
364,72800,0.0,1.0,31455
365,73000,0.0,1.0,31455
366,73200,0.1110850694444444,0.8889149305555556,31455
367,73400,0.1911338975694444,0.8088661024305556,31455
368,73600,0.1318901909722222,0.8681098090277778,31455
369,73800,0.1518359375,0.8481640625,31455
370,74000,0.0,1.0,31455
371,74200,0.0,1.0,31455
372,74400,0.0865831163194444,0.9134168836805556,31455
373,74600,0.2322721354166666,0.7677278645833333,31455
374,74800,0.0,1.0,31455
375,75000,0.1736469184027777,0.8263530815972222,31455
376,75200,0.1623046875,0.8376953125,31455
377,75400,0.083994140625,0.916005859375,31455
378,75600,0.2016796875,0.7983203125,31455
379,75800,0.15677734375,0.84322265625,31455
380,76000,0.1588118489583333,0.8411881510416667,31455
381,76200,0.0,1.0,31455
382,76400,0.0,1.0,31455
383,76600,0.0,1.0,31455
384,76800,0.2177322048611111,0.7822677951388889,31455
385,77000,0.1139854600694444,0.8860145399305556,31455
386,77200,0.1571321614583333,0.8428678385416667,31455
387,77400,0.0,1.0,31455
388,77600,0.1268869357638888,0.8731130642361111,31455
389,77800,0.0558311631944444,0.9441688368055556,31455
390,78000,0.0238823784722222,0.9761176215277778,31455
391,78200,0.0,1.0,31455
392,78400,0.3655327690972222,0.6344672309027778,31455
393,78600,0.2445648871527777,0.7554351128472222,31455
394,78800,0.2467339409722222,0.7532660590277778,31455
395,79000,0.0245659722222222,0.9754340277777778,31455
396,79200,0.1369281684027777,0.8630718315972222,31455
397,79400,0.0482584635416666,0.9517415364583334,31455
398,79600,0.2803103298611111,0.7196896701388888,31455
399,79800,0.0176063368055555,0.9823936631944444,31455
400,80000,0.2721788194444444,0.7278211805555556,31455
401,80200,0.0880598958333333,0.9119401041666668,31455
402,80400,0.2878884548611111,0.7121115451388889,31455
403,80600,0.1146755642361111,0.8853244357638889,31455
404,80800,0.1154470486111111,0.8845529513888889,31455
405,81000,0.2026226128472222,0.7973773871527777,31455
406,81200,0.1685850694444444,0.8314149305555556,31455
407,81400,0.2984602864583333,0.7015397135416667,31455
408,81600,0.2667415364583333,0.7332584635416667,31455
409,81800,0.382734375,0.617265625,31455
410,82000,0.1381629774305555,0.8618370225694445,31455
411,82200,0.1402289496527777,0.8597710503472222,31455
412,82400,0.2799826388888889,0.7200173611111111,31455
413,82600,0.2569748263888889,0.7430251736111111,31455
414,82800,0.0,1.0,31455
415,83000,0.0,1.0,31455
416,83200,0.0385698784722222,0.9614301215277776,31455
417,83400,0.0428493923611111,0.9571506076388888,31455
418,83600,0.0,1.0,31455
419,83800,0.0914865451388888,0.9085134548611112,31455
420,84000,0.0,1.0,31455
421,84200,0.3230056423611111,0.6769943576388889,31455
422,84400,0.1762825520833333,0.8237174479166667,31455
423,84600,0.0,1.0,31455
424,84800,0.1065505642361111,0.8934494357638889,31455
425,85000,0.2564615885416667,0.7435384114583333,31455
426,85200,0.3052821180555555,0.6947178819444444,31455
427,85400,0.2222916666666666,0.7777083333333333,31455
428,85600,0.0140690104166666,0.9859309895833334,31455
429,85800,0.0,1.0,31455
430,86000,0.0605327690972222,0.9394672309027776,31455
431,86200,0.1452430555555555,0.8547569444444445,31455
432,86400,0.2091004774305555,0.7908995225694444,31455
433,86600,0.0049283854166666,0.9950716145833334,31455
434,86800,0.0292502170138888,0.9707497829861113,31455
435,87000,0.0813715277777777,0.9186284722222222,31455
436,87200,0.1515787760416666,0.8484212239583333,31455
437,87400,0.0940256076388888,0.9059743923611112,31455
438,87600,0.2965169270833333,0.7034830729166667,31455
439,87800,0.1934765625,0.8065234375,31455
440,88000,0.0122417534722222,0.9877582465277778,31455
441,88200,0.1808430989583333,0.8191569010416667,31455
442,88400,0.1803483072916666,0.8196516927083334,31455
443,88600,0.3117719184027778,0.6882280815972223,31455
444,88800,0.0839344618055555,0.9160655381944444,31455
445,89000,0.0650846354166666,0.9349153645833334,31455
446,89200,0.0141059027777777,0.9858940972222222,31455
447,89400,0.0,1.0,31455
448,89600,0.4157367621527778,0.5842632378472222,31455
449,89800,0.2182823350694444,0.7817176649305555,31455
450,90000,0.0,1.0,31455
451,90200,0.2293977864583333,0.7706022135416667,31455
452,90400,0.0,1.0,31455
453,90600,0.0,1.0,31455
454,90800,0.0,1.0,31455
455,91000,0.0,1.0,31455
456,91200,0.0538986545138888,0.9461013454861112,31455
457,91400,0.0,1.0,31455
458,91600,0.0253255208333333,0.9746744791666668,31455
459,91800,0.1639290364583333,0.8360709635416667,31455
460,92000,0.1712022569444444,0.8287977430555555,31455
461,92200,0.0447591145833333,0.9552408854166666,31455
462,92400,0.0,1.0,31455
463,92600,0.2150347222222222,0.7849652777777778,31455
464,92800,0.0283289930555555,0.9716710069444444,31455
465,93000,0.3582638888888889,0.6417361111111111,31455
466,93200,0.234140625,0.765859375,31455
467,93400,0.3271571180555555,0.6728428819444444,31455
468,93600,0.0815266927083333,0.9184733072916668,31455
469,93800,0.06392578125,0.93607421875,31455
470,94000,0.0,1.0,31455
471,94200,0.2426258680555555,0.7573741319444445,31455
472,94400,0.2523014322916667,0.7476985677083333,31455
473,94600,0.3346158854166666,0.6653841145833334,31455
474,94800,0.3382237413194444,0.6617762586805556,31455
475,95000,0.0224663628472222,0.9775336371527776,31455
476,95200,0.0348784722222222,0.9651215277777778,31455
477,95400,0.0334190538194444,0.9665809461805556,31455
478,95600,0.0,1.0,31455
479,95800,0.1582682291666666,0.8417317708333333,31455
480,96000,0.0,1.0,31455
481,96200,0.0,1.0,31455
482,96400,0.0235004340277777,0.9764995659722222,31455
483,96600,0.0461078559027777,0.9538921440972222,31455
484,96800,0.032587890625,0.967412109375,31455
485,97000,0.0107649739583333,0.9892350260416668,31455
486,97200,0.3881163194444445,0.6118836805555555,31455
487,97400,0.4505523003472222,0.5494476996527777,31455
488,97600,0.0,1.0,31455
489,97800,0.32140625,0.67859375,31455
490,98000,0.1800824652777777,0.8199175347222222,31455
491,98200,0.2675010850694444,0.7324989149305555,31455
492,98400,0.2326128472222222,0.7673871527777778,31455
493,98600,0.3048057725694445,0.6951942274305556,31455
494,98800,0.0106336805555555,0.9893663194444444,31455
495,99000,0.367431640625,0.632568359375,31455
496,99200,0.350283203125,0.649716796875,31455
497,99400,0.2438096788194444,0.7561903211805555,31455
498,99600,0.40677734375,0.59322265625,31455
499,99800,0.3476714409722222,0.6523285590277778,31455
500,100000,0.0,1.0,31455
501,100200,0.0,1.0,31455
502,100400,0.2819140625,0.7180859375,31455
503,100600,0.4159993489583333,0.5840006510416667,31455
504,100800,0.0,1.0,31455
505,101000,0.3779177517361111,0.6220822482638889,31455
506,101200,0.0,1.0,31455
507,101400,0.0,1.0,31455
508,101600,0.0,1.0,31455
509,101800,0.3726692708333333,0.6273307291666667,31455
510,102000,0.0,1.0,31455
511,102200,0.3549609375,0.6450390625,31455
512,102400,0.266689453125,0.733310546875,31455
513,102600,0.1615885416666666,0.8384114583333333,31455
514,102800,0.0564898003472222,0.9435101996527778,31455
515,103000,0.2144249131944444,0.7855750868055555,31455
516,103200,0.0,1.0,31455
517,103400,0.2479568142361111,0.7520431857638888,31455
518,103600,0.1251844618055555,0.8748155381944445,31455
519,103800,0.2497113715277777,0.7502886284722222,31455
520,104000,0.0,1.0,31455
521,104200,0.12248046875,0.87751953125,31455
522,104400,0.0,1.0,31455
523,104600,0.1224338107638888,0.8775661892361111,31455
524,104800,0.1428211805555555,0.8571788194444444,31455
525,105000,0.1609841579861111,0.8390158420138889,31455
526,105200,0.1846213107638888,0.8153786892361111,31455
527,105400,0.2022450086805556,0.7977549913194445,31455
528,105600,0.2909537760416667,0.7090462239583334,31455
529,105800,0.1115190972222222,0.8884809027777778,31455
530,106000,0.0,1.0,31455
531,106200,0.0,1.0,31455
532,106400,0.0004665798611111,0.9995334201388888,31455
533,106600,0.3248838975694445,0.6751161024305555,31455
534,106800,0.2987337239583333,0.7012662760416667,31455
535,107000,0.2382074652777777,0.7617925347222222,31455
536,107200,0.0,1.0,31455
537,107400,0.2676182725694444,0.7323817274305555,31455
538,107600,0.0,1.0,31455
539,107800,0.2666623263888889,0.7333376736111111,31455
540,108000,0.1377994791666666,0.8622005208333333,31455
541,108200,0.0425629340277777,0.9574370659722222,31455
542,108400,0.1884136284722222,0.8115863715277778,31455
543,108600,0.1840407986111111,0.8159592013888889,31455
544,108800,0.3516004774305556,0.6483995225694444,31455
545,109000,0.3549609375,0.6450390625,31455
546,109200,0.1739876302083333,0.8260123697916667,31455
547,109400,0.1690972222222222,0.8309027777777778,31455
548,109600,0.1872428385416666,0.8127571614583333,31455
549,109800,0.1922406684027778,0.8077593315972222,31455
550,110000,0.1115462239583333,0.8884537760416666,31455
551,110200,0.0,1.0,31455
552,110400,0.3034874131944444,0.6965125868055555,31455
553,110600,0.0,1.0,31455
554,110800,0.3124837239583333,0.6875162760416667,31455
555,111000,0.289560546875,0.710439453125,31455
556,111200,0.0,1.0,31455
557,111400,0.1149142795138888,0.8850857204861111,31455
558,111600,0.1495193142361111,0.8504806857638889,31455
559,111800,0.1217686631944444,0.8782313368055555,31455
560,112000,0.0,1.0,31455
561,112200,0.2426410590277777,0.7573589409722222,31455
562,112400,0.3157172309027777,0.6842827690972222,31455
563,112600,0.0,1.0,31455
564,112800,0.2980316840277778,0.7019683159722222,31455
565,113000,0.4330544704861111,0.5669455295138889,31455
566,113200,0.0,1.0,31455
567,113400,0.0,1.0,31455
568,113600,0.4616916232638889,0.5383083767361111,31455
569,113800,0.0,1.0,31455
570,114000,0.0,1.0,31455
571,114200,0.0,1.0,31455
572,114400,0.4546310763888889,0.5453689236111111,31455
573,114600,0.2642860243055555,0.7357139756944444,31455
574,114800,0.3760536024305556,0.6239463975694445,31455
575,115000,0.0,1.0,31455
576,115200,0.0,1.0,31455
577,115400,0.0,1.0,31455
578,115600,0.0,1.0,31455
579,115800,0.1040277777777777,0.8959722222222222,31455
580,116000,0.05548828125,0.94451171875,31455
581,116200,0.0524815538194444,0.9475184461805556,31455
582,116400,0.103837890625,0.896162109375,31455
583,116600,0.1977180989583333,0.8022819010416666,31455
584,116800,0.0,1.0,31455
585,117000,0.0007541232638888,0.9992458767361112,31455
586,117200,0.0,1.0,31455
587,117400,0.0,1.0,31455
588,117600,0.0421603732638888,0.9578396267361112,31455
589,117800,0.0,1.0,31455
590,118000,0.0467740885416666,0.9532259114583334,31455
591,118200,0.0590744357638888,0.9409255642361112,31455
592,118400,0.2387923177083333,0.7612076822916667,31455
593,118600,0.0,1.0,31455
594,118800,0.2198643663194444,0.7801356336805556,31455
595,119000,0.0194867621527777,0.9805132378472222,31455
596,119200,0.0198914930555555,0.9801085069444444,31455
597,119400,0.0412760416666666,0.9587239583333332,31455
598,119600,0.0551779513888888,0.9448220486111112,31455
599,119800,0.2244346788194444,0.7755653211805555,31455
600,120000,0.1934874131944444,0.8065125868055556,31455
601,120200,0.2169672309027777,0.7830327690972222,31455
602,120400,0.2547493489583333,0.7452506510416667,31455
603,120600,0.0785666232638888,0.9214333767361113,31455
604,120800,0.0,1.0,31455
605,121000,0.1534483506944444,0.8465516493055556,31455
606,121200,0.0041634114583333,0.9958365885416668,31455
607,121400,0.0040646701388888,0.9959353298611112,31455
608,121600,0.0,1.0,31455
609,121800,0.0033257378472222,0.9966742621527778,31455
610,122000,0.2511295572916667,0.7488704427083334,31455
611,122200,0.1953602430555555,0.8046397569444445,31455
612,122400,0.1543934461805555,0.8456065538194445,31455
613,122600,0.0074175347222222,0.9925824652777778,31455
614,122800,0.0,1.0,31455
615,123000,0.3722265625,0.6277734375,31455
616,123200,0.33974609375,0.66025390625,31455
617,123400,0.0,1.0,31455
618,123600,0.0,1.0,31455
619,123800,0.3041688368055556,0.6958311631944445,31455
620,124000,0.0,1.0,31455
621,124200,0.0,1.0,31455
622,124400,0.13943359375,0.86056640625,31455
623,124600,0.3193858506944444,0.6806141493055555,31455
624,124800,0.0,1.0,31455
625,125000,0.1795030381944444,0.8204969618055555,31455
626,125200,0.024111328125,0.975888671875,31455
627,125400,0.0,1.0,31455
628,125600,0.0,1.0,31455
629,125800,0.0417165798611111,0.9582834201388888,31455
630,126000,0.0956597222222222,0.9043402777777778,31455
631,126200,0.0953841145833333,0.9046158854166668,31455
632,126400,0.0117230902777777,0.9882769097222224,31455
633,126600,0.0849283854166666,0.9150716145833332,31455
634,126800,0.0,1.0,31455
635,127000,0.0185362413194444,0.9814637586805556,31455
636,127200,0.0942230902777777,0.9057769097222222,31455
637,127400,0.2462174479166667,0.7537825520833333,31455
638,127600,0.0,1.0,31455
639,127800,0.2272862413194444,0.7727137586805556,31455
640,128000,0.0,1.0,31455
641,128200,0.2466362847222222,0.7533637152777778,31455
642,128400,0.2798220486111111,0.7201779513888888,31455
643,128600,0.2695540364583333,0.7304459635416667,31455
644,128800,0.0,1.0,31455
645,129000,0.2505088975694444,0.7494911024305555,31455
646,129200,0.2376019965277777,0.7623980034722222,31455
647,129400,0.2653331163194444,0.7346668836805555,31455
648,129600,0.2507259114583333,0.7492740885416667,31455
649,129800,0.3844607204861111,0.6155392795138889,31455
650,130000,0.3489735243055556,0.6510264756944445,31455
651,130200,0.0670811631944444,0.9329188368055557,31455
652,130400,0.0925770399305555,0.9074229600694445,31455
653,130600,0.0698990885416666,0.9301009114583332,31455
654,130800,0.0,1.0,31455
655,131000,0.003076171875,0.996923828125,31455
656,131200,0.2430707465277777,0.7569292534722222,31455
657,131400,0.0,1.0,31455
658,131600,0.2563324652777777,0.7436675347222222,31455
659,131800,0.1308279079861111,0.8691720920138889,31455
660,132000,0.0720713975694444,0.9279286024305556,31455
661,132200,0.2895974392361111,0.7104025607638889,31455
662,132400,0.1571310763888889,0.8428689236111111,31455
663,132600,0.3346332465277777,0.6653667534722222,31455
664,132800,0.3792588975694444,0.6207411024305556,31455
665,133000,0.0928982204861111,0.9071017795138888,31455
666,133200,0.0894390190972222,0.9105609809027778,31455
667,133400,0.336044921875,0.663955078125,31455
668,133600,0.2017068142361111,0.7982931857638889,31455
669,133800,0.0,1.0,31455
670,134000,0.0,1.0,31455
671,134200,0.0,1.0,31455
672,134400,0.0,1.0,31455
673,134600,0.1192220052083333,0.8807779947916666,31455
674,134800,0.0594672309027777,0.9405327690972224,31455
675,135000,0.2364225260416666,0.7635774739583333,31455
676,135200,0.1337076822916666,0.8662923177083334,31455
677,135400,0.1327094184027777,0.8672905815972223,31455
678,135600,0.2704134114583333,0.7295865885416667,31455
679,135800,0.1914898003472222,0.8085101996527778,31455
680,136000,0.0,1.0,31455
681,136200,0.4216189236111111,0.5783810763888889,31455
682,136400,0.146396484375,0.853603515625,31455
683,136600,0.2080642361111111,0.7919357638888889,31455
684,136800,0.3109320746527778,0.6890679253472223,31455
685,137000,0.0,1.0,31455
686,137200,0.2182986111111111,0.7817013888888888,31455
687,137400,0.0456184895833333,0.9543815104166666,31455
688,137600,0.3067534722222222,0.6932465277777777,31455
689,137800,0.0318207465277777,0.9681792534722222,31455
690,138000,0.0282443576388888,0.9717556423611112,31455
691,138200,0.0280262586805555,0.9719737413194444,31455
692,138400,0.1939485677083332,0.8060514322916666,31455
693,138600,0.2033865017361111,0.7966134982638889,31455
694,138800,0.1791384548611111,0.8208615451388889,31455
695,139000,0.207392578125,0.792607421875,31455
696,139200,0.0853146701388889,0.9146853298611112,31455
697,139400,0.0,1.0,31455
698,139600,0.2313118489583333,0.7686881510416667,31455
699,139800,0.3629014756944444,0.6370985243055556,31455
700,140000,0.1291851128472222,0.8708148871527778,31455
701,140200,0.2829915364583333,0.7170084635416667,31455
702,140400,0.332763671875,0.667236328125,31455
703,140600,0.3233430989583333,0.6766569010416666,31455
704,140800,0.3274131944444444,0.6725868055555555,31455
705,141000,0.3368098958333333,0.6631901041666667,31455
706,141200,0.2142046440972222,0.7857953559027778,31455
707,141400,0.3284147135416667,0.6715852864583334,31455
708,141600,0.3072406684027777,0.6927593315972222,31455
709,141800,0.2671940104166667,0.7328059895833333,31455
710,142000,0.0,1.0,31455
711,142200,0.2166981336805555,0.7833018663194444,31455
712,142400,0.2691297743055556,0.7308702256944445,31455
713,142600,0.2511414930555555,0.7488585069444444,31455
714,142800,0.1809754774305556,0.8190245225694445,31455
715,143000,0.0938161892361111,0.9061838107638888,31455
716,143200,0.0319986979166666,0.9680013020833332,31455
717,143400,0.0343836805555555,0.9656163194444444,31455
718,143600,0.0119585503472222,0.9880414496527776,31455
719,143800,0.2053667534722222,0.7946332465277778,31455
720,144000,0.1891981336805555,0.8108018663194444,31455
721,144200,0.1777332899305555,0.8222667100694444,31455
722,144400,0.0140310329861111,0.9859689670138888,31455
723,144600,0.0358452690972222,0.9641547309027778,31455
724,144800,0.2328211805555556,0.7671788194444444,31455
725,145000,0.2256358506944444,0.7743641493055555,31455
726,145200,0.0,1.0,31455
727,145400,0.2837782118055556,0.7162217881944445,31455
728,145600,0.0,1.0,31455
729,145800,0.0,1.0,31455
730,146000,0.2831228298611111,0.7168771701388889,31455
731,146200,0.0,1.0,31455
732,146400,0.2586360677083333,0.7413639322916666,31455
733,146600,0.1691438802083333,0.8308561197916666,31455
734,146800,0.1680186631944444,0.8319813368055555,31455
735,147000,0.0,1.0,31455
736,147200,0.1634841579861111,0.8365158420138888,31455
737,147400,0.1081987847222222,0.8918012152777778,31455
738,147600,0.0,1.0,31455
739,147800,0.0466775173611111,0.9533224826388887,31455
740,148000,0.0268608940972222,0.9731391059027776,31455
741,148200,0.0305783420138888,0.9694216579861112,31455
742,148400,0.0,1.0,31455
743,148600,0.0,1.0,31455
744,148800,0.0,1.0,31455
745,149000,0.0,1.0,31455
746,149200,0.065712890625,0.934287109375,31455
747,149400,0.0,1.0,31455
748,149600,0.0,1.0,31455
749,149800,0.0,1.0,31455
750,150000,0.3068315972222222,0.6931684027777778,31455
751,150200,0.0986447482638888,0.9013552517361112,31455
752,150400,0.1488639322916666,0.8511360677083334,31455
753,150600,0.018251953125,0.981748046875,31455
754,150800,0.0184787326388888,0.9815212673611112,31455
755,151000,0.0,1.0,31455
756,151200,0.0988270399305555,0.9011729600694444,31455
757,151400,0.1062858072916666,0.8937141927083333,31455
758,151600,0.0,1.0,31455
759,151800,0.0721744791666666,0.9278255208333334,31455
760,152000,0.0477756076388888,0.9522243923611112,31455
761,152200,0.0,1.0,31455
762,152400,0.1876844618055556,0.8123155381944445,31455
763,152600,0.2424197048611111,0.7575802951388889,31455
764,152800,0.1557986111111111,0.8442013888888888,31455
765,153000,0.2364084201388889,0.7635915798611111,31455
766,153200,0.0,1.0,31455
767,153400,0.0452810329861111,0.9547189670138888,31455
768,153600,0.4855067274305556,0.5144932725694444,31455
769,153800,0.1782703993055555,0.8217296006944445,31455
770,154000,0.2135872395833333,0.7864127604166666,31455
771,154200,0.0263454861111111,0.9736545138888888,31455
772,154400,0.2544184027777778,0.7455815972222222,31455
773,154600,0.2502756076388889,0.7497243923611111,31455
774,154800,0.0,1.0,31455
775,155000,0.0086512586805555,0.9913487413194444,31455
776,155200,0.0257118055555555,0.9742881944444444,31455
777,155400,0.0,1.0,31455
778,155600,0.0272081163194444,0.9727918836805556,31455
779,155800,0.0965950520833333,0.9034049479166668,31455
780,156000,0.1963617621527777,0.8036382378472222,31455
781,156200,0.0926822916666666,0.9073177083333334,31455
782,156400,0.0031618923611111,0.9968381076388888,31455
783,156600,0.0,1.0,31455
784,156800,0.1211588541666666,0.8788411458333333,31455
785,157000,0.0013509114583333,0.9986490885416668,31455
786,157200,0.1873166232638889,0.8126833767361111,31455
787,157400,0.0075629340277777,0.9924370659722224,31455
788,157600,0.1718663194444444,0.8281336805555556,31455
789,157800,0.1639225260416666,0.8360774739583333,31455
790,158000,0.1012749565972222,0.8987250434027778,31455
791,158200,0.1125455729166666,0.8874544270833333,31455
792,158400,0.0073491753472222,0.9926508246527778,31455
793,158600,0.0678851996527777,0.9321148003472224,31455
794,158800,0.0042578125,0.9957421875,31455
795,159000,0.0128830295138888,0.9871169704861112,31455
796,159200,0.0,1.0,31455
797,159400,0.0584006076388888,0.9415993923611112,31455
798,159600,0.0,1.0,31455
799,159800,0.1572960069444444,0.8427039930555555,31455
800,160000,0.0761013454861111,0.9238986545138888,31455
801,160200,0.1528895399305555,0.8471104600694445,31455
802,160400,0.0975162760416666,0.9024837239583332,31455
803,160600,0.0787087673611111,0.9212912326388888,31455
804,160800,0.1755533854166666,0.8244466145833333,31455
805,161000,0.0,1.0,31455
806,161200,0.0,1.0,31455
807,161400,0.1264181857638888,0.8735818142361111,31455
808,161600,0.2773133680555556,0.7226866319444445,31455
809,161800,0.2210579427083333,0.7789420572916667,31455
810,162000,0.2826215277777777,0.7173784722222222,31455
811,162200,0.0284049479166666,0.9715950520833332,31455
812,162400,0.2536631944444445,0.7463368055555556,31455
813,162600,0.286572265625,0.713427734375,31455
814,162800,0.2338791232638889,0.7661208767361111,31455
815,163000,0.2054329427083333,0.7945670572916667,31455
816,163200,0.1463910590277777,0.8536089409722222,31455
817,163400,0.3113292100694444,0.6886707899305555,31455
818,163600,0.0245974392361111,0.9754025607638888,31455
819,163800,0.0948491753472222,0.9051508246527776,31455
820,164000,0.292470703125,0.707529296875,31455
821,164200,0.1004242621527777,0.8995757378472222,31455
822,164400,0.318779296875,0.681220703125,31455
823,164600,0.3286002604166667,0.6713997395833333,31455
824,164800,0.3438042534722222,0.6561957465277778,31455
825,165000,0.0,1.0,31455
826,165200,0.1445225694444444,0.8554774305555556,31455
827,165400,0.1248502604166666,0.8751497395833333,31455
828,165600,0.249775390625,0.750224609375,31455
829,165800,0.43966796875,0.56033203125,31455
830,166000,0.1647113715277778,0.8352886284722222,31455
831,166200,0.0636653645833333,0.9363346354166666,31455
832,166400,0.0163878038194444,0.9836121961805556,31455
833,166600,0.0,1.0,31455
834,166800,0.0,1.0,31455
835,167000,0.0283430989583333,0.9716569010416668,31455
836,167200,0.0275607638888888,0.9724392361111112,31455
837,167400,0.0890896267361111,0.9109103732638888,31455
838,167600,0.0,1.0,31455
839,167800,0.0,1.0,31455
840,168000,0.0,1.0,31455
841,168200,0.0,1.0,31455
842,168400,0.0,1.0,31455
843,168600,0.0,1.0,31455
844,168800,0.0,1.0,31455
845,169000,0.0,1.0,31455
846,169200,0.2354806857638889,0.7645193142361111,31455
847,169400,0.0,1.0,31455
848,169600,0.0,1.0,31455
849,169800,0.0,1.0,31455
850,170000,0.0,1.0,31455
851,170200,0.4118131510416666,0.5881868489583333,31455
852,170400,0.3434559461805556,0.6565440538194445,31455
853,170600,0.1889800347222222,0.8110199652777778,31455
854,170800,0.0332074652777777,0.9667925347222224,31455
855,171000,0.2272157118055555,0.7727842881944444,31455
856,171200,0.0915494791666666,0.9084505208333332,31455
857,171400,0.0,1.0,31455
858,171600,0.0,1.0,31455
859,171800,0.1594227430555555,0.8405772569444444,31455
860,172000,0.0,1.0,31455
861,172200,0.0358723958333333,0.9641276041666668,31455
862,172400,0.4660503472222222,0.5339496527777777,31455
863,172600,0.110703125,0.889296875,31455
864,172800,0.0347526041666666,0.9652473958333332,31455
865,173000,0.0458452690972222,0.9541547309027778,31455
866,173200,0.2137717013888889,0.7862282986111111,31455
867,173400,0.0,1.0,31455
868,173600,0.1362141927083333,0.8637858072916667,31455
869,173800,0.1679242621527777,0.8320757378472222,31455
870,174000,0.0536121961805555,0.9463878038194444,31455
871,174200,0.1160883246527777,0.8839116753472223,31455
872,174400,0.0,1.0,31455
873,174600,0.0,1.0,31455
874,174800,0.0,1.0,31455
875,175000,0.0,1.0,31455
876,175200,0.0312717013888888,0.9687282986111112,31455
877,175400,0.0,1.0,31455
878,175600,0.0528190104166666,0.9471809895833332,31455
879,175800,0.0,1.0,31455
880,176000,0.0,1.0,31455
881,176200,0.0075466579861111,0.9924533420138888,31455
882,176400,0.0,1.0,31455
883,176600,0.0906488715277777,0.9093511284722222,31455
884,176800,0.0229340277777777,0.9770659722222222,31455
885,177000,0.0823253038194444,0.9176746961805556,31455
886,177200,0.0,1.0,31455
887,177400,0.0,1.0,31455
888,177600,0.0,1.0,31455
889,177800,0.0,1.0,31455
890,178000,0.098134765625,0.901865234375,31455
891,178200,0.035517578125,0.964482421875,31455
892,178400,0.0,1.0,31455
893,178600,0.0,1.0,31455
894,178800,0.0046158854166666,0.9953841145833332,31455
895,179000,0.0,1.0,31455
896,179200,0.4327495659722223,0.5672504340277778,31455
897,179400,0.0,1.0,31455
898,179600,0.0,1.0,31455
899,179800,0.0094552951388888,0.9905447048611112,31455
900,180000,0.2301421440972222,0.7698578559027778,31455
901,180200,0.0,1.0,31455
902,180400,0.0586697048611111,0.9413302951388888,31455
903,180600,0.1748817274305555,0.8251182725694445,31455
904,180800,0.1155772569444444,0.8844227430555556,31455
905,181000,0.1026833767361111,0.8973166232638888,31455
906,181200,0.1083029513888888,0.8916970486111111,31455
907,181400,0.117763671875,0.882236328125,31455
908,181600,0.2569813368055556,0.7430186631944444,31455
909,181800,0.0,1.0,31455
910,182000,0.2731976996527778,0.7268023003472223,31455
911,182200,0.0,1.0,31455
912,182400,0.0386686197916666,0.9613313802083332,31455
913,182600,0.1634754774305555,0.8365245225694444,31455
914,182800,0.0,1.0,31455
915,183000,0.0961024305555555,0.9038975694444444,31455
916,183200,0.13599609375,0.86400390625,31455
917,183400,0.0,1.0,31455
918,183600,0.0171603732638888,0.9828396267361112,31455
919,183800,0.0236848958333333,0.9763151041666668,31455
920,184000,0.012138671875,0.987861328125,31455
921,184200,0.0,1.0,31455
922,184400,0.0202398003472222,0.9797601996527778,31455
923,184600,0.0,1.0,31455
924,184800,0.2285796440972222,0.7714203559027778,31455
925,185000,0.0378656684027777,0.9621343315972222,31455
926,185200,0.0,1.0,31455
927,185400,0.0,1.0,31455
928,185600,0.0,1.0,31455
929,185800,0.0,1.0,31455
930,186000,0.0,1.0,31455
931,186200,0.1551519097222222,0.8448480902777777,31455
932,186400,0.0,1.0,31455
933,186600,0.0,1.0,31455
934,186800,0.0,1.0,31455
935,187000,0.1645768229166666,0.8354231770833334,31455
936,187200,0.0352213541666666,0.9647786458333332,31455
937,187400,0.0285959201388888,0.9714040798611112,31455
938,187600,0.0,1.0,31455
939,187800,0.0426801215277777,0.9573198784722222,31455
940,188000,0.0160601128472222,0.9839398871527778,31455
941,188200,0.0069466145833333,0.9930533854166668,31455
942,188400,0.0082682291666666,0.9917317708333332,31455
943,188600,0.0497667100694444,0.9502332899305556,31455
944,188800,0.0,1.0,31455
945,189000,0.1232389322916666,0.8767610677083333,31455
946,189200,0.0,1.0,31455
947,189400,0.0411588541666666,0.9588411458333334,31455
948,189600,0.0911404079861111,0.9088595920138888,31455
949,189800,0.0,1.0,31455
950,190000,0.0,1.0,31455
951,190200,0.0352864583333333,0.9647135416666668,31455
952,190400,0.039228515625,0.960771484375,31455
953,190600,0.0116493055555555,0.9883506944444445,31455
954,190800,0.0,1.0,31455
955,191000,0.0095225694444444,0.9904774305555556,31455
956,191200,0.0720399305555555,0.9279600694444444,31455
957,191400,0.0,1.0,31455
958,191600,0.0,1.0,31455
959,191800,0.00654296875,0.99345703125,31455
960,192000,0.0042730034722222,0.9957269965277776,31455
961,192200,0.2053667534722222,0.7946332465277778,31455
962,192400,0.0,1.0,31455
963,192600,0.0274175347222222,0.9725824652777778,31455
964,192800,0.00501953125,0.99498046875,31455
965,193000,0.0623784722222222,0.9376215277777776,31455
966,193200,0.0045475260416666,0.9954524739583334,31455
967,193400,0.0,1.0,31455
968,193600,0.1294911024305555,0.8705088975694445,31455
969,193800,0.0096625434027777,0.9903374565972224,31455
970,194000,0.2636794704861111,0.7363205295138889,31455
971,194200,0.0042393663194444,0.9957606336805556,31455
972,194400,0.0,1.0,31455
973,194600,0.146474609375,0.853525390625,31455
974,194800,0.0,1.0,31455
975,195000,0.0,1.0,31455
976,195200,0.029912109375,0.970087890625,31455
977,195400,0.0383604600694444,0.9616395399305556,31455
978,195600,0.0,1.0,31455
979,195800,0.0,1.0,31455
980,196000,0.0089539930555555,0.9910460069444444,31455
981,196200,0.2009939236111111,0.7990060763888889,31455
982,196400,0.0,1.0,31455
983,196600,0.027861328125,0.972138671875,31455
984,196800,0.0044401041666666,0.9955598958333334,31455
985,197000,0.1392556423611111,0.8607443576388889,31455
986,197200,0.0,1.0,31455
987,197400,0.1082009548611111,0.8917990451388889,31455
988,197600,0.2113096788194444,0.7886903211805556,31455
989,197800,0.0249403211805555,0.9750596788194444,31455
990,198000,0.2887760416666666,0.7112239583333333,31455
991,198200,0.0,1.0,31455
992,198400,0.0,1.0,31455
993,198600,0.1657682291666666,0.8342317708333333,31455
994,198800,0.2568815104166667,0.7431184895833334,31455
995,199000,0.2857302517361111,0.7142697482638889,31455
996,199200,0.0,1.0,31455
997,199400,0.0139865451388888,0.9860134548611112,31455
998,199600,0.0,1.0,31455
999,199800,0.0,1.0,31455
1000,200000,0.0,1.0,31455
1001,200200,0.1589181857638889,0.8410818142361111,31455
1002,200400,0.0,1.0,31455
1003,200600,0.1617361111111111,0.8382638888888889,31455
1004,200800,0.319384765625,0.680615234375,31455
1005,201000,0.2534244791666666,0.7465755208333333,31455
1006,201200,0.2653070746527777,0.7346929253472222,31455
1007,201400,0.3172775607638889,0.6827224392361111,31455
1008,201600,0.1913758680555556,0.8086241319444445,31455
1009,201800,0.0,1.0,31455
1010,202000,0.0396538628472222,0.9603461371527776,31455
1011,202200,0.0297699652777777,0.9702300347222222,31455
1012,202400,0.1618923611111111,0.8381076388888888,31455
1013,202600,0.2228873697916666,0.7771126302083333,31455
1014,202800,0.1524338107638889,0.8475661892361112,31455
1015,203000,0.0,1.0,31455
1016,203200,0.1534743923611111,0.8465256076388888,31455
1017,203400,0.1487532552083333,0.8512467447916666,31455
1018,203600,0.1964171006944444,0.8035828993055556,31455
1019,203800,0.1698187934027777,0.8301812065972223,31455
1020,204000,0.1056174045138888,0.8943825954861111,31455
1021,204200,0.2224945746527777,0.7775054253472222,31455
1022,204400,0.1956966145833333,0.8043033854166667,31455
1023,204600,0.2347536892361111,0.7652463107638889,31455
1024,204800,0.2204503038194444,0.7795496961805556,31455
1025,205000,0.2496299913194444,0.7503700086805556,31455
1026,205200,0.0765440538194444,0.9234559461805556,31455
1027,205400,0.2024587673611111,0.7975412326388889,31455
1028,205600,0.2855913628472222,0.7144086371527778,31455
1029,205800,0.0511349826388888,0.9488650173611112,31455
1030,206000,0.0369444444444444,0.9630555555555556,31455
1031,206200,0.1103580729166666,0.8896419270833333,31455
1032,206400,0.1591493055555555,0.8408506944444445,31455
1033,206600,0.3875542534722222,0.6124457465277777,31455
1034,206800,0.3412651909722222,0.6587348090277778,31455
1035,207000,0.4382530381944445,0.5617469618055555,31455
1036,207200,0.0,1.0,31455
1037,207400,0.2218359375,0.7781640625,31455
1038,207600,0.3194813368055556,0.6805186631944444,31455
1039,207800,0.2947178819444444,0.7052821180555555,31455
1040,208000,0.2370844184027777,0.7629155815972222,31455
1041,208200,0.0,1.0,31455
1042,208400,0.2742013888888889,0.7257986111111111,31455
1043,208600,0.180576171875,0.819423828125,31455
1044,208800,0.2904828559027778,0.7095171440972222,31455
1045,209000,0.0,1.0,31455
1046,209200,0.1453873697916666,0.8546126302083333,31455
1047,209400,0.0,1.0,31455
1048,209600,0.0,1.0,31455
1049,209800,0.0,1.0,31455
1050,210000,0.0,1.0,31455
1051,210200,0.0,1.0,31455
1052,210400,0.0,1.0,31455
1053,210600,0.0,1.0,31455
1054,210800,0.0,1.0,31455
1055,211000,0.0,1.0,31455
1056,211200,0.0,1.0,31455
