,imdb_id,frame_num,is_car,is_not_car
0,28510,0,0,1
1,28510,24,0,1
2,28510,48,0,1
3,28510,72,0,1
4,28510,96,0,1
5,28510,120,0,1
6,28510,144,0,1
7,28510,168,0,1
8,28510,192,0,1
9,28510,216,0,1
10,28510,240,0,1
11,28510,264,0,1
12,28510,288,0,1
13,28510,312,0,1
14,28510,336,0,1
15,28510,360,0,1
16,28510,384,0,1
17,28510,408,0,1
18,28510,432,0,1
19,28510,456,0,1
20,28510,480,0,1
21,28510,504,0,1
22,28510,528,0,1
23,28510,552,0,1
24,28510,576,0,1
25,28510,600,0,1
26,28510,624,0,1
27,28510,648,0,1
28,28510,672,0,1
29,28510,696,0,1
30,28510,720,0,1
31,28510,744,0,1
32,28510,768,0,1
33,28510,792,0,1
34,28510,816,0,1
35,28510,840,0,1
36,28510,864,0,1
37,28510,888,0,1
38,28510,912,0,1
39,28510,936,0,1
40,28510,960,0,1
41,28510,984,0,1
42,28510,1008,0,1
43,28510,1032,0,1
44,28510,1056,0,1
45,28510,1080,1,0
46,28510,1104,0,1
47,28510,1128,0,1
48,28510,1152,0,1
49,28510,1176,0,1
50,28510,1200,0,1
51,28510,1224,0,1
52,28510,1248,0,1
53,28510,1272,0,1
54,28510,1296,0,1
55,28510,1320,0,1
56,28510,1344,0,1
57,28510,1368,0,1
58,28510,1392,0,1
59,28510,1416,0,1
60,28510,1440,1,0
61,28510,1464,0,1
62,28510,1488,0,1
63,28510,1512,0,1
64,28510,1536,0,1
65,28510,1560,0,1
66,28510,1584,0,1
67,28510,1608,0,1
68,28510,1632,0,1
69,28510,1656,0,1
70,28510,1680,0,1
71,28510,1704,0,1
72,28510,1728,0,1
73,28510,1752,0,1
74,28510,1776,0,1
75,28510,1800,0,1
76,28510,1824,0,1
77,28510,1848,0,1
78,28510,1872,0,1
79,28510,1896,0,1
80,28510,1920,0,1
81,28510,1944,0,1
82,28510,1968,0,1
83,28510,1992,0,1
84,28510,2016,0,1
85,28510,2040,0,1
86,28510,2064,0,1
87,28510,2088,0,1
88,28510,2112,0,1
89,28510,2136,0,1
90,28510,2160,0,1
91,28510,2184,0,1
92,28510,2208,0,1
93,28510,2232,0,1
94,28510,2256,0,1
95,28510,2280,0,1
96,28510,2304,0,1
97,28510,2328,0,1
98,28510,2352,0,1
99,28510,2376,0,1
100,28510,2400,0,1
101,28510,2424,0,1
102,28510,2448,0,1
103,28510,2472,0,1
104,28510,2496,0,1
105,28510,2520,0,1
106,28510,2544,0,1
107,28510,2568,0,1
108,28510,2592,0,1
109,28510,2616,0,1
110,28510,2640,0,1
111,28510,2664,0,1
112,28510,2688,0,1
113,28510,2712,0,1
114,28510,2736,0,1
115,28510,2760,0,1
116,28510,2784,0,1
117,28510,2808,0,1
118,28510,2832,0,1
119,28510,2856,0,1
120,28510,2880,0,1
121,28510,2904,0,1
122,28510,2928,0,1
123,28510,2952,0,1
124,28510,2976,0,1
125,28510,3000,1,0
126,28510,3024,1,0
127,28510,3048,1,0
128,28510,3072,0,1
129,28510,3096,0,1
130,28510,3120,0,1
131,28510,3144,0,1
132,28510,3168,0,1
133,28510,3192,1,0
134,28510,3216,0,1
135,28510,3240,1,0
136,28510,3264,1,0
137,28510,3288,1,0
138,28510,3312,0,1
139,28510,3336,0,1
140,28510,3360,0,1
141,28510,3384,0,1
142,28510,3408,0,1
143,28510,3432,0,1
144,28510,3456,0,1
145,28510,3480,0,1
146,28510,3504,0,1
147,28510,3528,0,1
148,28510,3552,0,1
149,28510,3576,0,1
150,28510,3600,0,1
151,28510,3624,0,1
152,28510,3648,0,1
153,28510,3672,0,1
154,28510,3696,0,1
155,28510,3720,0,1
156,28510,3744,0,1
157,28510,3768,0,1
158,28510,3792,0,1
159,28510,3816,0,1
160,28510,3840,0,1
161,28510,3864,0,1
162,28510,3888,0,1
163,28510,3912,0,1
164,28510,3936,0,1
165,28510,3960,0,1
166,28510,3984,0,1
167,28510,4008,0,1
168,28510,4032,0,1
169,28510,4056,0,1
170,28510,4080,0,1
171,28510,4104,0,1
172,28510,4128,0,1
173,28510,4152,0,1
174,28510,4176,0,1
175,28510,4200,0,1
176,28510,4224,0,1
177,28510,4248,0,1
178,28510,4272,0,1
179,28510,4296,1,0
180,28510,4320,0,1
181,28510,4344,0,1
182,28510,4368,0,1
183,28510,4392,0,1
184,28510,4416,0,1
185,28510,4440,0,1
186,28510,4464,0,1
187,28510,4488,0,1
188,28510,4512,1,0
189,28510,4536,1,0
190,28510,4560,0,1
191,28510,4584,0,1
192,28510,4608,1,0
193,28510,4632,0,1
194,28510,4656,0,1
195,28510,4680,0,1
196,28510,4704,0,1
197,28510,4728,0,1
198,28510,4752,0,1
199,28510,4776,0,1
200,28510,4800,0,1
201,28510,4824,0,1
202,28510,4848,0,1
203,28510,4872,0,1
204,28510,4896,0,1
205,28510,4920,0,1
206,28510,4944,0,1
207,28510,4968,0,1
208,28510,4992,1,0
209,28510,5016,1,0
210,28510,5040,0,1
211,28510,5064,0,1
212,28510,5088,0,1
213,28510,5112,0,1
214,28510,5136,0,1
215,28510,5160,0,1
216,28510,5184,0,1
217,28510,5208,0,1
218,28510,5232,0,1
219,28510,5256,0,1
220,28510,5280,0,1
221,28510,5304,0,1
222,28510,5328,0,1
223,28510,5352,0,1
224,28510,5376,0,1
225,28510,5400,0,1
226,28510,5424,0,1
227,28510,5448,0,1
228,28510,5472,0,1
229,28510,5496,0,1
230,28510,5520,0,1
231,28510,5544,0,1
232,28510,5568,0,1
233,28510,5592,0,1
234,28510,5616,0,1
235,28510,5640,0,1
236,28510,5664,0,1
237,28510,5688,0,1
238,28510,5712,0,1
239,28510,5736,0,1
240,28510,5760,0,1
241,28510,5784,0,1
242,28510,5808,0,1
243,28510,5832,0,1
244,28510,5856,0,1
245,28510,5880,0,1
246,28510,5904,0,1
247,28510,5928,0,1
248,28510,5952,0,1
249,28510,5976,0,1
250,28510,6000,0,1
251,28510,6024,0,1
252,28510,6048,0,1
253,28510,6072,0,1
254,28510,6096,0,1
255,28510,6120,0,1
256,28510,6144,0,1
257,28510,6168,0,1
258,28510,6192,0,1
259,28510,6216,0,1
260,28510,6240,0,1
261,28510,6264,0,1
262,28510,6288,0,1
263,28510,6312,0,1
264,28510,6336,0,1
265,28510,6360,0,1
266,28510,6384,0,1
267,28510,6408,0,1
268,28510,6432,0,1
269,28510,6456,0,1
270,28510,6480,0,1
271,28510,6504,0,1
272,28510,6528,0,1
273,28510,6552,0,1
274,28510,6576,0,1
275,28510,6600,0,1
276,28510,6624,0,1
277,28510,6648,0,1
278,28510,6672,0,1
279,28510,6696,0,1
280,28510,6720,0,1
281,28510,6744,0,1
282,28510,6768,0,1
283,28510,6792,0,1
284,28510,6816,0,1
285,28510,6840,0,1
286,28510,6864,0,1
287,28510,6888,0,1
288,28510,6912,0,1
289,28510,6936,0,1
290,28510,6960,0,1
291,28510,6984,0,1
292,28510,7008,0,1
293,28510,7032,0,1
294,28510,7056,0,1
295,28510,7080,0,1
296,28510,7104,0,1
297,28510,7128,0,1
298,28510,7152,0,1
299,28510,7176,0,1
300,28510,7200,0,1
301,28510,7224,0,1
302,28510,7248,0,1
303,28510,7272,0,1
304,28510,7296,0,1
305,28510,7320,0,1
306,28510,7344,0,1
307,28510,7368,0,1
308,28510,7392,0,1
309,28510,7416,0,1
310,28510,7440,0,1
311,28510,7464,0,1
312,28510,7488,0,1
313,28510,7512,0,1
314,28510,7536,0,1
315,28510,7560,0,1
316,28510,7584,0,1
317,28510,7608,0,1
318,28510,7632,0,1
319,28510,7656,0,1
320,28510,7680,0,1
321,28510,7704,0,1
322,28510,7728,0,1
323,28510,7752,0,1
324,28510,7776,0,1
325,28510,7800,0,1
326,28510,7824,0,1
327,28510,7848,1,0
328,28510,7872,1,0
329,28510,7896,1,0
330,28510,7920,1,0
331,28510,7944,1,0
332,28510,7968,0,1
333,28510,7992,1,0
334,28510,8016,0,1
335,28510,8040,0,1
336,28510,8064,1,0
337,28510,8088,0,1
338,28510,8112,0,1
339,28510,8136,0,1
340,28510,8160,0,1
341,28510,8184,0,1
342,28510,8208,0,1
343,28510,8232,0,1
344,28510,8256,0,1
345,28510,8280,0,1
346,28510,8304,1,0
347,28510,8328,0,1
348,28510,8352,0,1
349,28510,8376,1,0
350,28510,8400,0,1
351,28510,8424,0,1
352,28510,8448,0,1
353,28510,8472,0,1
354,28510,8496,0,1
355,28510,8520,0,1
356,28510,8544,0,1
357,28510,8568,0,1
358,28510,8592,1,0
359,28510,8616,1,0
360,28510,8640,1,0
361,28510,8664,0,1
362,28510,8688,0,1
363,28510,8712,1,0
364,28510,8736,0,1
365,28510,8760,0,1
366,28510,8784,0,1
367,28510,8808,0,1
368,28510,8832,0,1
369,28510,8856,0,1
370,28510,8880,0,1
371,28510,8904,0,1
372,28510,8928,0,1
373,28510,8952,0,1
374,28510,8976,0,1
375,28510,9000,0,1
376,28510,9024,0,1
377,28510,9048,0,1
378,28510,9072,0,1
379,28510,9096,0,1
380,28510,9120,0,1
381,28510,9144,0,1
382,28510,9168,0,1
383,28510,9192,0,1
384,28510,9216,0,1
385,28510,9240,0,1
386,28510,9264,0,1
387,28510,9288,0,1
388,28510,9312,0,1
389,28510,9336,0,1
390,28510,9360,0,1
391,28510,9384,0,1
392,28510,9408,0,1
393,28510,9432,0,1
394,28510,9456,0,1
395,28510,9480,0,1
396,28510,9504,0,1
397,28510,9528,0,1
398,28510,9552,0,1
399,28510,9576,0,1
400,28510,9600,0,1
401,28510,9624,0,1
402,28510,9648,0,1
403,28510,9672,0,1
404,28510,9696,0,1
405,28510,9720,0,1
406,28510,9744,0,1
407,28510,9768,0,1
408,28510,9792,0,1
409,28510,9816,0,1
410,28510,9840,0,1
411,28510,9864,0,1
412,28510,9888,0,1
413,28510,9912,0,1
414,28510,9936,0,1
415,28510,9960,0,1
416,28510,9984,0,1
417,28510,10008,0,1
418,28510,10032,0,1
419,28510,10056,0,1
420,28510,10080,0,1
421,28510,10104,0,1
422,28510,10128,0,1
423,28510,10152,0,1
424,28510,10176,0,1
425,28510,10200,0,1
426,28510,10224,0,1
427,28510,10248,0,1
428,28510,10272,0,1
429,28510,10296,0,1
430,28510,10320,0,1
431,28510,10344,0,1
432,28510,10368,0,1
433,28510,10392,0,1
434,28510,10416,0,1
435,28510,10440,0,1
436,28510,10464,0,1
437,28510,10488,0,1
438,28510,10512,0,1
439,28510,10536,0,1
440,28510,10560,0,1
441,28510,10584,0,1
442,28510,10608,0,1
443,28510,10632,0,1
444,28510,10656,0,1
445,28510,10680,0,1
446,28510,10704,0,1
447,28510,10728,0,1
448,28510,10752,0,1
449,28510,10776,0,1
450,28510,10800,0,1
451,28510,10824,0,1
452,28510,10848,0,1
453,28510,10872,0,1
454,28510,10896,0,1
455,28510,10920,0,1
456,28510,10944,0,1
457,28510,10968,0,1
458,28510,10992,0,1
459,28510,11016,0,1
460,28510,11040,0,1
461,28510,11064,0,1
462,28510,11088,0,1
463,28510,11112,0,1
464,28510,11136,0,1
465,28510,11160,0,1
466,28510,11184,0,1
467,28510,11208,0,1
468,28510,11232,0,1
469,28510,11256,0,1
470,28510,11280,0,1
471,28510,11304,0,1
472,28510,11328,0,1
473,28510,11352,0,1
474,28510,11376,0,1
475,28510,11400,0,1
476,28510,11424,0,1
477,28510,11448,0,1
478,28510,11472,0,1
479,28510,11496,0,1
480,28510,11520,0,1
481,28510,11544,0,1
482,28510,11568,0,1
483,28510,11592,0,1
484,28510,11616,0,1
485,28510,11640,0,1
486,28510,11664,0,1
487,28510,11688,0,1
488,28510,11712,0,1
489,28510,11736,0,1
490,28510,11760,0,1
491,28510,11784,0,1
492,28510,11808,0,1
493,28510,11832,0,1
494,28510,11856,0,1
495,28510,11880,0,1
496,28510,11904,0,1
497,28510,11928,0,1
498,28510,11952,0,1
499,28510,11976,0,1
500,28510,12000,0,1
501,28510,12024,0,1
502,28510,12048,0,1
503,28510,12072,0,1
504,28510,12096,0,1
505,28510,12120,0,1
506,28510,12144,0,1
507,28510,12168,0,1
508,28510,12192,0,1
509,28510,12216,0,1
510,28510,12240,0,1
511,28510,12264,0,1
512,28510,12288,0,1
513,28510,12312,0,1
514,28510,12336,0,1
515,28510,12360,0,1
516,28510,12384,0,1
517,28510,12408,0,1
518,28510,12432,0,1
519,28510,12456,0,1
520,28510,12480,0,1
521,28510,12504,0,1
522,28510,12528,0,1
523,28510,12552,0,1
524,28510,12576,0,1
525,28510,12600,0,1
526,28510,12624,0,1
527,28510,12648,0,1
528,28510,12672,1,0
529,28510,12696,1,0
530,28510,12720,1,0
531,28510,12744,1,0
532,28510,12768,0,1
533,28510,12792,0,1
534,28510,12816,1,0
535,28510,12840,0,1
536,28510,12864,0,1
537,28510,12888,0,1
538,28510,12912,0,1
539,28510,12936,1,0
540,28510,12960,1,0
541,28510,12984,0,1
542,28510,13008,0,1
543,28510,13032,0,1
544,28510,13056,0,1
545,28510,13080,0,1
546,28510,13104,0,1
547,28510,13128,0,1
548,28510,13152,0,1
549,28510,13176,0,1
550,28510,13200,0,1
551,28510,13224,0,1
552,28510,13248,0,1
553,28510,13272,0,1
554,28510,13296,0,1
555,28510,13320,0,1
556,28510,13344,0,1
557,28510,13368,0,1
558,28510,13392,0,1
559,28510,13416,0,1
560,28510,13440,0,1
561,28510,13464,0,1
562,28510,13488,0,1
563,28510,13512,0,1
564,28510,13536,0,1
565,28510,13560,1,0
566,28510,13584,1,0
567,28510,13608,0,1
568,28510,13632,0,1
569,28510,13656,0,1
570,28510,13680,0,1
571,28510,13704,0,1
572,28510,13728,0,1
573,28510,13752,0,1
574,28510,13776,0,1
575,28510,13800,0,1
576,28510,13824,0,1
577,28510,13848,0,1
578,28510,13872,0,1
579,28510,13896,0,1
580,28510,13920,0,1
581,28510,13944,0,1
582,28510,13968,0,1
583,28510,13992,0,1
584,28510,14016,0,1
585,28510,14040,0,1
586,28510,14064,0,1
587,28510,14088,0,1
588,28510,14112,0,1
589,28510,14136,0,1
590,28510,14160,0,1
591,28510,14184,0,1
592,28510,14208,0,1
593,28510,14232,0,1
594,28510,14256,0,1
595,28510,14280,0,1
596,28510,14304,0,1
597,28510,14328,0,1
598,28510,14352,0,1
599,28510,14376,0,1
600,28510,14400,0,1
601,28510,14424,0,1
602,28510,14448,0,1
603,28510,14472,1,0
604,28510,14496,0,1
605,28510,14520,0,1
606,28510,14544,0,1
607,28510,14568,0,1
608,28510,14592,0,1
609,28510,14616,0,1
610,28510,14640,0,1
611,28510,14664,0,1
612,28510,14688,0,1
613,28510,14712,0,1
614,28510,14736,0,1
615,28510,14760,0,1
616,28510,14784,0,1
617,28510,14808,0,1
618,28510,14832,0,1
619,28510,14856,0,1
620,28510,14880,0,1
621,28510,14904,0,1
622,28510,14928,0,1
623,28510,14952,0,1
624,28510,14976,0,1
625,28510,15000,0,1
626,28510,15024,0,1
627,28510,15048,0,1
628,28510,15072,0,1
629,28510,15096,1,0
630,28510,15120,0,1
631,28510,15144,1,0
632,28510,15168,1,0
633,28510,15192,0,1
634,28510,15216,0,1
635,28510,15240,0,1
636,28510,15264,0,1
637,28510,15288,0,1
638,28510,15312,0,1
639,28510,15336,0,1
640,28510,15360,0,1
641,28510,15384,0,1
642,28510,15408,0,1
643,28510,15432,0,1
644,28510,15456,1,0
645,28510,15480,0,1
646,28510,15504,0,1
647,28510,15528,0,1
648,28510,15552,0,1
649,28510,15576,0,1
650,28510,15600,0,1
651,28510,15624,0,1
652,28510,15648,0,1
653,28510,15672,0,1
654,28510,15696,0,1
655,28510,15720,0,1
656,28510,15744,0,1
657,28510,15768,0,1
658,28510,15792,0,1
659,28510,15816,0,1
660,28510,15840,0,1
661,28510,15864,0,1
662,28510,15888,0,1
663,28510,15912,0,1
664,28510,15936,0,1
665,28510,15960,0,1
666,28510,15984,0,1
667,28510,16008,0,1
668,28510,16032,0,1
669,28510,16056,0,1
670,28510,16080,0,1
671,28510,16104,1,0
672,28510,16128,1,0
673,28510,16152,0,1
674,28510,16176,0,1
675,28510,16200,0,1
676,28510,16224,0,1
677,28510,16248,0,1
678,28510,16272,0,1
679,28510,16296,0,1
680,28510,16320,0,1
681,28510,16344,0,1
682,28510,16368,0,1
683,28510,16392,0,1
684,28510,16416,0,1
685,28510,16440,0,1
686,28510,16464,0,1
687,28510,16488,0,1
688,28510,16512,0,1
689,28510,16536,0,1
690,28510,16560,0,1
691,28510,16584,0,1
692,28510,16608,0,1
693,28510,16632,0,1
694,28510,16656,0,1
695,28510,16680,1,0
696,28510,16704,0,1
697,28510,16728,0,1
698,28510,16752,0,1
699,28510,16776,0,1
700,28510,16800,0,1
701,28510,16824,0,1
702,28510,16848,0,1
703,28510,16872,0,1
704,28510,16896,1,0
705,28510,16920,0,1
706,28510,16944,1,0
707,28510,16968,0,1
708,28510,16992,0,1
709,28510,17016,0,1
710,28510,17040,0,1
711,28510,17064,0,1
712,28510,17088,0,1
713,28510,17112,0,1
714,28510,17136,1,0
715,28510,17160,1,0
716,28510,17184,0,1
717,28510,17208,0,1
718,28510,17232,0,1
719,28510,17256,0,1
720,28510,17280,0,1
721,28510,17304,0,1
722,28510,17328,0,1
723,28510,17352,0,1
724,28510,17376,0,1
725,28510,17400,0,1
726,28510,17424,0,1
727,28510,17448,0,1
728,28510,17472,0,1
729,28510,17496,0,1
730,28510,17520,0,1
731,28510,17544,1,0
732,28510,17568,0,1
733,28510,17592,0,1
734,28510,17616,0,1
735,28510,17640,0,1
736,28510,17664,0,1
737,28510,17688,0,1
738,28510,17712,0,1
739,28510,17736,0,1
740,28510,17760,0,1
741,28510,17784,0,1
742,28510,17808,0,1
743,28510,17832,0,1
744,28510,17856,0,1
745,28510,17880,0,1
746,28510,17904,0,1
747,28510,17928,0,1
748,28510,17952,0,1
749,28510,17976,0,1
750,28510,18000,0,1
751,28510,18024,0,1
752,28510,18048,0,1
753,28510,18072,0,1
754,28510,18096,0,1
755,28510,18120,0,1
756,28510,18144,0,1
757,28510,18168,0,1
758,28510,18192,0,1
759,28510,18216,1,0
760,28510,18240,0,1
761,28510,18264,0,1
762,28510,18288,0,1
763,28510,18312,1,0
764,28510,18336,0,1
765,28510,18360,0,1
766,28510,18384,0,1
767,28510,18408,0,1
768,28510,18432,1,0
769,28510,18456,0,1
770,28510,18480,0,1
771,28510,18504,0,1
772,28510,18528,0,1
773,28510,18552,0,1
774,28510,18576,1,0
775,28510,18600,0,1
776,28510,18624,0,1
777,28510,18648,0,1
778,28510,18672,0,1
779,28510,18696,1,0
780,28510,18720,1,0
781,28510,18744,1,0
782,28510,18768,0,1
783,28510,18792,0,1
784,28510,18816,0,1
785,28510,18840,0,1
786,28510,18864,0,1
787,28510,18888,1,0
788,28510,18912,1,0
789,28510,18936,1,0
790,28510,18960,1,0
791,28510,18984,1,0
792,28510,19008,1,0
793,28510,19032,1,0
794,28510,19056,0,1
795,28510,19080,0,1
796,28510,19104,0,1
797,28510,19128,0,1
798,28510,19152,0,1
799,28510,19176,0,1
800,28510,19200,0,1
801,28510,19224,0,1
802,28510,19248,0,1
803,28510,19272,0,1
804,28510,19296,0,1
805,28510,19320,0,1
806,28510,19344,0,1
807,28510,19368,0,1
808,28510,19392,1,0
809,28510,19416,0,1
810,28510,19440,0,1
811,28510,19464,1,0
812,28510,19488,1,0
813,28510,19512,0,1
814,28510,19536,0,1
815,28510,19560,0,1
816,28510,19584,0,1
817,28510,19608,0,1
818,28510,19632,0,1
819,28510,19656,0,1
820,28510,19680,0,1
821,28510,19704,1,0
822,28510,19728,0,1
823,28510,19752,1,0
824,28510,19776,0,1
825,28510,19800,0,1
826,28510,19824,0,1
827,28510,19848,0,1
828,28510,19872,0,1
829,28510,19896,0,1
830,28510,19920,0,1
831,28510,19944,0,1
832,28510,19968,0,1
833,28510,19992,0,1
834,28510,20016,0,1
835,28510,20040,0,1
836,28510,20064,0,1
837,28510,20088,0,1
838,28510,20112,0,1
839,28510,20136,0,1
840,28510,20160,0,1
841,28510,20184,0,1
842,28510,20208,0,1
843,28510,20232,0,1
844,28510,20256,0,1
845,28510,20280,0,1
846,28510,20304,0,1
847,28510,20328,0,1
848,28510,20352,0,1
849,28510,20376,0,1
850,28510,20400,0,1
851,28510,20424,0,1
852,28510,20448,0,1
853,28510,20472,0,1
854,28510,20496,0,1
855,28510,20520,0,1
856,28510,20544,0,1
857,28510,20568,0,1
858,28510,20592,0,1
859,28510,20616,0,1
860,28510,20640,0,1
861,28510,20664,0,1
862,28510,20688,0,1
863,28510,20712,1,0
864,28510,20736,0,1
865,28510,20760,0,1
866,28510,20784,1,0
867,28510,20808,1,0
868,28510,20832,1,0
869,28510,20856,0,1
870,28510,20880,0,1
871,28510,20904,0,1
872,28510,20928,0,1
873,28510,20952,0,1
874,28510,20976,0,1
875,28510,21000,0,1
876,28510,21024,0,1
877,28510,21048,0,1
878,28510,21072,0,1
879,28510,21096,0,1
880,28510,21120,0,1
881,28510,21144,0,1
882,28510,21168,0,1
883,28510,21192,0,1
884,28510,21216,0,1
885,28510,21240,1,0
886,28510,21264,0,1
887,28510,21288,0,1
888,28510,21312,0,1
889,28510,21336,0,1
890,28510,21360,0,1
891,28510,21384,0,1
892,28510,21408,0,1
893,28510,21432,0,1
894,28510,21456,0,1
895,28510,21480,0,1
896,28510,21504,0,1
897,28510,21528,0,1
898,28510,21552,0,1
899,28510,21576,0,1
900,28510,21600,0,1
901,28510,21624,0,1
902,28510,21648,0,1
903,28510,21672,0,1
904,28510,21696,0,1
905,28510,21720,0,1
906,28510,21744,0,1
907,28510,21768,0,1
908,28510,21792,0,1
909,28510,21816,0,1
910,28510,21840,0,1
911,28510,21864,0,1
912,28510,21888,0,1
913,28510,21912,0,1
914,28510,21936,0,1
915,28510,21960,0,1
916,28510,21984,0,1
917,28510,22008,0,1
918,28510,22032,0,1
919,28510,22056,0,1
920,28510,22080,0,1
921,28510,22104,0,1
922,28510,22128,0,1
923,28510,22152,0,1
924,28510,22176,0,1
925,28510,22200,0,1
926,28510,22224,0,1
927,28510,22248,0,1
928,28510,22272,1,0
929,28510,22296,0,1
930,28510,22320,0,1
931,28510,22344,1,0
932,28510,22368,0,1
933,28510,22392,0,1
934,28510,22416,0,1
935,28510,22440,0,1
936,28510,22464,0,1
937,28510,22488,0,1
938,28510,22512,0,1
939,28510,22536,0,1
940,28510,22560,0,1
941,28510,22584,0,1
942,28510,22608,0,1
943,28510,22632,0,1
944,28510,22656,0,1
945,28510,22680,0,1
946,28510,22704,0,1
947,28510,22728,0,1
948,28510,22752,0,1
949,28510,22776,0,1
950,28510,22800,0,1
951,28510,22824,1,0
952,28510,22848,0,1
953,28510,22872,0,1
954,28510,22896,0,1
955,28510,22920,0,1
956,28510,22944,0,1
957,28510,22968,0,1
958,28510,22992,0,1
959,28510,23016,0,1
960,28510,23040,0,1
961,28510,23064,0,1
962,28510,23088,0,1
963,28510,23112,0,1
964,28510,23136,0,1
965,28510,23160,0,1
966,28510,23184,0,1
967,28510,23208,0,1
968,28510,23232,0,1
969,28510,23256,0,1
970,28510,23280,0,1
971,28510,23304,0,1
972,28510,23328,0,1
973,28510,23352,0,1
974,28510,23376,0,1
975,28510,23400,0,1
976,28510,23424,0,1
977,28510,23448,0,1
978,28510,23472,0,1
979,28510,23496,0,1
980,28510,23520,0,1
981,28510,23544,0,1
982,28510,23568,0,1
983,28510,23592,0,1
984,28510,23616,0,1
985,28510,23640,0,1
986,28510,23664,0,1
987,28510,23688,0,1
988,28510,23712,0,1
989,28510,23736,0,1
990,28510,23760,0,1
991,28510,23784,1,0
992,28510,23808,0,1
993,28510,23832,1,0
994,28510,23856,0,1
995,28510,23880,0,1
996,28510,23904,1,0
997,28510,23928,0,1
998,28510,23952,0,1
999,28510,23976,0,1
1000,28510,24000,1,0
1001,28510,24024,0,1
1002,28510,24048,0,1
1003,28510,24072,0,1
1004,28510,24096,0,1
1005,28510,24120,0,1
1006,28510,24144,0,1
1007,28510,24168,0,1
1008,28510,24192,0,1
1009,28510,24216,0,1
1010,28510,24240,0,1
1011,28510,24264,0,1
1012,28510,24288,0,1
1013,28510,24312,0,1
1014,28510,24336,0,1
1015,28510,24360,0,1
1016,28510,24384,0,1
1017,28510,24408,0,1
1018,28510,24432,1,0
1019,28510,24456,1,0
1020,28510,24480,0,1
1021,28510,24504,0,1
1022,28510,24528,0,1
1023,28510,24552,0,1
1024,28510,24576,0,1
1025,28510,24600,0,1
1026,28510,24624,0,1
1027,28510,24648,0,1
1028,28510,24672,0,1
1029,28510,24696,0,1
1030,28510,24720,0,1
1031,28510,24744,0,1
1032,28510,24768,0,1
1033,28510,24792,0,1
1034,28510,24816,0,1
1035,28510,24840,0,1
1036,28510,24864,0,1
1037,28510,24888,0,1
1038,28510,24912,0,1
1039,28510,24936,0,1
1040,28510,24960,0,1
1041,28510,24984,0,1
1042,28510,25008,0,1
1043,28510,25032,0,1
1044,28510,25056,0,1
1045,28510,25080,0,1
1046,28510,25104,0,1
1047,28510,25128,0,1
1048,28510,25152,0,1
1049,28510,25176,0,1
1050,28510,25200,0,1
1051,28510,25224,0,1
1052,28510,25248,0,1
1053,28510,25272,0,1
1054,28510,25296,0,1
1055,28510,25320,0,1
1056,28510,25344,0,1
1057,28510,25368,0,1
1058,28510,25392,0,1
1059,28510,25416,0,1
1060,28510,25440,1,0
1061,28510,25464,1,0
1062,28510,25488,0,1
1063,28510,25512,1,0
1064,28510,25536,0,1
1065,28510,25560,0,1
1066,28510,25584,0,1
1067,28510,25608,0,1
1068,28510,25632,1,0
1069,28510,25656,0,1
1070,28510,25680,0,1
1071,28510,25704,0,1
1072,28510,25728,0,1
1073,28510,25752,0,1
1074,28510,25776,0,1
1075,28510,25800,0,1
1076,28510,25824,0,1
1077,28510,25848,0,1
1078,28510,25872,0,1
1079,28510,25896,1,0
1080,28510,25920,0,1
1081,28510,25944,0,1
1082,28510,25968,0,1
1083,28510,25992,0,1
1084,28510,26016,0,1
1085,28510,26040,0,1
1086,28510,26064,0,1
1087,28510,26088,0,1
1088,28510,26112,0,1
1089,28510,26136,0,1
1090,28510,26160,0,1
1091,28510,26184,0,1
1092,28510,26208,0,1
1093,28510,26232,0,1
1094,28510,26256,0,1
1095,28510,26280,1,0
1096,28510,26304,0,1
1097,28510,26328,0,1
1098,28510,26352,0,1
1099,28510,26376,0,1
1100,28510,26400,0,1
1101,28510,26424,0,1
1102,28510,26448,0,1
1103,28510,26472,1,0
1104,28510,26496,0,1
1105,28510,26520,0,1
1106,28510,26544,0,1
1107,28510,26568,0,1
1108,28510,26592,0,1
1109,28510,26616,0,1
1110,28510,26640,0,1
1111,28510,26664,0,1
1112,28510,26688,1,0
1113,28510,26712,1,0
1114,28510,26736,0,1
1115,28510,26760,0,1
1116,28510,26784,1,0
1117,28510,26808,1,0
1118,28510,26832,1,0
1119,28510,26856,0,1
1120,28510,26880,0,1
1121,28510,26904,0,1
1122,28510,26928,0,1
1123,28510,26952,0,1
1124,28510,26976,0,1
1125,28510,27000,0,1
1126,28510,27024,0,1
1127,28510,27048,0,1
1128,28510,27072,0,1
1129,28510,27096,0,1
1130,28510,27120,0,1
1131,28510,27144,0,1
1132,28510,27168,0,1
1133,28510,27192,0,1
1134,28510,27216,0,1
1135,28510,27240,0,1
1136,28510,27264,0,1
1137,28510,27288,0,1
1138,28510,27312,1,0
1139,28510,27336,0,1
1140,28510,27360,0,1
1141,28510,27384,0,1
1142,28510,27408,0,1
1143,28510,27432,0,1
1144,28510,27456,0,1
1145,28510,27480,0,1
1146,28510,27504,0,1
1147,28510,27528,0,1
1148,28510,27552,0,1
1149,28510,27576,0,1
1150,28510,27600,0,1
1151,28510,27624,0,1
1152,28510,27648,1,0
1153,28510,27672,0,1
1154,28510,27696,0,1
1155,28510,27720,0,1
1156,28510,27744,0,1
1157,28510,27768,1,0
1158,28510,27792,1,0
1159,28510,27816,0,1
1160,28510,27840,0,1
1161,28510,27864,0,1
1162,28510,27888,0,1
1163,28510,27912,0,1
1164,28510,27936,0,1
1165,28510,27960,0,1
1166,28510,27984,0,1
1167,28510,28008,0,1
1168,28510,28032,0,1
1169,28510,28056,0,1
1170,28510,28080,0,1
1171,28510,28104,0,1
1172,28510,28128,0,1
1173,28510,28152,0,1
1174,28510,28176,0,1
1175,28510,28200,0,1
1176,28510,28224,0,1
1177,28510,28248,0,1
1178,28510,28272,0,1
1179,28510,28296,0,1
1180,28510,28320,0,1
1181,28510,28344,1,0
1182,28510,28368,0,1
1183,28510,28392,0,1
1184,28510,28416,0,1
1185,28510,28440,0,1
1186,28510,28464,0,1
1187,28510,28488,0,1
1188,28510,28512,0,1
1189,28510,28536,0,1
1190,28510,28560,0,1
1191,28510,28584,0,1
1192,28510,28608,0,1
1193,28510,28632,0,1
1194,28510,28656,0,1
1195,28510,28680,0,1
1196,28510,28704,0,1
1197,28510,28728,0,1
1198,28510,28752,0,1
1199,28510,28776,1,0
1200,28510,28800,0,1
1201,28510,28824,0,1
1202,28510,28848,0,1
1203,28510,28872,0,1
1204,28510,28896,1,0
1205,28510,28920,0,1
1206,28510,28944,0,1
1207,28510,28968,0,1
1208,28510,28992,0,1
1209,28510,29016,0,1
1210,28510,29040,0,1
1211,28510,29064,0,1
1212,28510,29088,0,1
1213,28510,29112,0,1
1214,28510,29136,0,1
1215,28510,29160,1,0
1216,28510,29184,0,1
1217,28510,29208,1,0
1218,28510,29232,1,0
1219,28510,29256,0,1
1220,28510,29280,0,1
1221,28510,29304,0,1
1222,28510,29328,0,1
1223,28510,29352,0,1
1224,28510,29376,0,1
1225,28510,29400,1,0
1226,28510,29424,0,1
1227,28510,29448,0,1
1228,28510,29472,0,1
1229,28510,29496,0,1
1230,28510,29520,0,1
1231,28510,29544,0,1
1232,28510,29568,1,0
1233,28510,29592,1,0
1234,28510,29616,1,0
1235,28510,29640,0,1
1236,28510,29664,0,1
1237,28510,29688,0,1
1238,28510,29712,0,1
1239,28510,29736,0,1
1240,28510,29760,0,1
1241,28510,29784,0,1
1242,28510,29808,0,1
1243,28510,29832,0,1
1244,28510,29856,0,1
1245,28510,29880,0,1
1246,28510,29904,0,1
1247,28510,29928,0,1
1248,28510,29952,0,1
1249,28510,29976,0,1
1250,28510,30000,0,1
1251,28510,30024,0,1
1252,28510,30048,0,1
1253,28510,30072,0,1
1254,28510,30096,0,1
1255,28510,30120,0,1
1256,28510,30144,0,1
1257,28510,30168,0,1
1258,28510,30192,0,1
1259,28510,30216,0,1
1260,28510,30240,0,1
1261,28510,30264,0,1
1262,28510,30288,0,1
1263,28510,30312,0,1
1264,28510,30336,0,1
1265,28510,30360,1,0
1266,28510,30384,0,1
1267,28510,30408,0,1
1268,28510,30432,0,1
1269,28510,30456,0,1
1270,28510,30480,0,1
1271,28510,30504,0,1
1272,28510,30528,0,1
1273,28510,30552,0,1
1274,28510,30576,0,1
1275,28510,30600,1,0
1276,28510,30624,1,0
1277,28510,30648,0,1
1278,28510,30672,0,1
1279,28510,30696,0,1
1280,28510,30720,0,1
1281,28510,30744,0,1
1282,28510,30768,0,1
1283,28510,30792,0,1
1284,28510,30816,0,1
1285,28510,30840,0,1
1286,28510,30864,0,1
1287,28510,30888,0,1
1288,28510,30912,0,1
1289,28510,30936,0,1
1290,28510,30960,0,1
1291,28510,30984,0,1
1292,28510,31008,0,1
1293,28510,31032,0,1
1294,28510,31056,0,1
1295,28510,31080,0,1
1296,28510,31104,0,1
1297,28510,31128,0,1
1298,28510,31152,0,1
1299,28510,31176,0,1
1300,28510,31200,0,1
1301,28510,31224,0,1
1302,28510,31248,0,1
1303,28510,31272,0,1
1304,28510,31296,0,1
1305,28510,31320,0,1
1306,28510,31344,0,1
1307,28510,31368,0,1
1308,28510,31392,0,1
1309,28510,31416,0,1
1310,28510,31440,0,1
1311,28510,31464,0,1
1312,28510,31488,0,1
1313,28510,31512,0,1
1314,28510,31536,0,1
1315,28510,31560,0,1
1316,28510,31584,0,1
1317,28510,31608,0,1
1318,28510,31632,0,1
1319,28510,31656,0,1
1320,28510,31680,0,1
1321,28510,31704,0,1
1322,28510,31728,0,1
1323,28510,31752,0,1
1324,28510,31776,0,1
1325,28510,31800,0,1
1326,28510,31824,0,1
1327,28510,31848,0,1
1328,28510,31872,0,1
1329,28510,31896,0,1
1330,28510,31920,0,1
1331,28510,31944,1,0
1332,28510,31968,1,0
1333,28510,31992,1,0
1334,28510,32016,0,1
1335,28510,32040,1,0
1336,28510,32064,0,1
1337,28510,32088,0,1
1338,28510,32112,0,1
1339,28510,32136,0,1
1340,28510,32160,0,1
1341,28510,32184,0,1
1342,28510,32208,0,1
1343,28510,32232,0,1
1344,28510,32256,0,1
1345,28510,32280,0,1
1346,28510,32304,0,1
1347,28510,32328,0,1
1348,28510,32352,0,1
1349,28510,32376,0,1
1350,28510,32400,0,1
1351,28510,32424,0,1
1352,28510,32448,0,1
1353,28510,32472,0,1
1354,28510,32496,0,1
1355,28510,32520,0,1
1356,28510,32544,0,1
1357,28510,32568,0,1
1358,28510,32592,0,1
1359,28510,32616,0,1
1360,28510,32640,0,1
1361,28510,32664,1,0
1362,28510,32688,0,1
1363,28510,32712,1,0
1364,28510,32736,1,0
1365,28510,32760,1,0
1366,28510,32784,0,1
1367,28510,32808,1,0
1368,28510,32832,0,1
1369,28510,32856,0,1
1370,28510,32880,0,1
1371,28510,32904,0,1
1372,28510,32928,0,1
1373,28510,32952,0,1
1374,28510,32976,0,1
1375,28510,33000,0,1
1376,28510,33024,0,1
1377,28510,33048,0,1
1378,28510,33072,0,1
1379,28510,33096,0,1
1380,28510,33120,0,1
1381,28510,33144,0,1
1382,28510,33168,0,1
1383,28510,33192,0,1
1384,28510,33216,0,1
1385,28510,33240,0,1
1386,28510,33264,0,1
1387,28510,33288,0,1
1388,28510,33312,0,1
1389,28510,33336,0,1
1390,28510,33360,0,1
1391,28510,33384,0,1
1392,28510,33408,0,1
1393,28510,33432,0,1
1394,28510,33456,1,0
1395,28510,33480,1,0
1396,28510,33504,0,1
1397,28510,33528,0,1
1398,28510,33552,0,1
1399,28510,33576,0,1
1400,28510,33600,0,1
1401,28510,33624,0,1
1402,28510,33648,0,1
1403,28510,33672,0,1
1404,28510,33696,0,1
1405,28510,33720,0,1
1406,28510,33744,0,1
1407,28510,33768,0,1
1408,28510,33792,0,1
1409,28510,33816,0,1
1410,28510,33840,0,1
1411,28510,33864,0,1
1412,28510,33888,1,0
1413,28510,33912,0,1
1414,28510,33936,0,1
1415,28510,33960,0,1
1416,28510,33984,0,1
1417,28510,34008,0,1
1418,28510,34032,0,1
1419,28510,34056,0,1
1420,28510,34080,0,1
1421,28510,34104,0,1
1422,28510,34128,0,1
1423,28510,34152,1,0
1424,28510,34176,0,1
1425,28510,34200,0,1
1426,28510,34224,0,1
1427,28510,34248,0,1
1428,28510,34272,0,1
1429,28510,34296,0,1
1430,28510,34320,0,1
1431,28510,34344,1,0
1432,28510,34368,1,0
1433,28510,34392,1,0
1434,28510,34416,1,0
1435,28510,34440,1,0
1436,28510,34464,1,0
1437,28510,34488,1,0
1438,28510,34512,0,1
1439,28510,34536,1,0
1440,28510,34560,1,0
1441,28510,34584,1,0
1442,28510,34608,1,0
1443,28510,34632,0,1
1444,28510,34656,1,0
1445,28510,34680,0,1
1446,28510,34704,0,1
1447,28510,34728,1,0
1448,28510,34752,1,0
1449,28510,34776,1,0
1450,28510,34800,1,0
1451,28510,34824,0,1
1452,28510,34848,0,1
1453,28510,34872,0,1
1454,28510,34896,0,1
1455,28510,34920,0,1
1456,28510,34944,0,1
1457,28510,34968,0,1
1458,28510,34992,0,1
1459,28510,35016,0,1
1460,28510,35040,0,1
1461,28510,35064,0,1
1462,28510,35088,0,1
1463,28510,35112,0,1
1464,28510,35136,0,1
1465,28510,35160,0,1
1466,28510,35184,0,1
1467,28510,35208,0,1
1468,28510,35232,0,1
1469,28510,35256,0,1
1470,28510,35280,0,1
1471,28510,35304,0,1
1472,28510,35328,0,1
1473,28510,35352,0,1
1474,28510,35376,0,1
1475,28510,35400,0,1
1476,28510,35424,0,1
1477,28510,35448,0,1
1478,28510,35472,0,1
1479,28510,35496,0,1
1480,28510,35520,0,1
1481,28510,35544,0,1
1482,28510,35568,1,0
1483,28510,35592,0,1
1484,28510,35616,0,1
1485,28510,35640,1,0
1486,28510,35664,1,0
1487,28510,35688,1,0
1488,28510,35712,0,1
1489,28510,35736,1,0
1490,28510,35760,0,1
1491,28510,35784,0,1
1492,28510,35808,0,1
1493,28510,35832,0,1
1494,28510,35856,0,1
1495,28510,35880,0,1
1496,28510,35904,0,1
1497,28510,35928,0,1
1498,28510,35952,0,1
1499,28510,35976,0,1
1500,28510,36000,0,1
1501,28510,36024,0,1
1502,28510,36048,0,1
1503,28510,36072,0,1
1504,28510,36096,0,1
1505,28510,36120,0,1
1506,28510,36144,0,1
1507,28510,36168,0,1
1508,28510,36192,0,1
1509,28510,36216,0,1
1510,28510,36240,0,1
1511,28510,36264,0,1
1512,28510,36288,0,1
1513,28510,36312,0,1
1514,28510,36336,0,1
1515,28510,36360,0,1
1516,28510,36384,0,1
1517,28510,36408,0,1
1518,28510,36432,1,0
1519,28510,36456,0,1
1520,28510,36480,1,0
1521,28510,36504,1,0
1522,28510,36528,0,1
1523,28510,36552,0,1
1524,28510,36576,0,1
1525,28510,36600,0,1
1526,28510,36624,0,1
1527,28510,36648,0,1
1528,28510,36672,0,1
1529,28510,36696,0,1
1530,28510,36720,0,1
1531,28510,36744,0,1
1532,28510,36768,1,0
1533,28510,36792,1,0
1534,28510,36816,1,0
1535,28510,36840,1,0
1536,28510,36864,1,0
1537,28510,36888,1,0
1538,28510,36912,0,1
1539,28510,36936,0,1
1540,28510,36960,0,1
1541,28510,36984,0,1
1542,28510,37008,0,1
1543,28510,37032,0,1
1544,28510,37056,0,1
1545,28510,37080,0,1
1546,28510,37104,1,0
1547,28510,37128,1,0
1548,28510,37152,0,1
1549,28510,37176,0,1
1550,28510,37200,0,1
1551,28510,37224,0,1
1552,28510,37248,0,1
1553,28510,37272,0,1
1554,28510,37296,0,1
1555,28510,37320,1,0
1556,28510,37344,1,0
1557,28510,37368,0,1
1558,28510,37392,0,1
1559,28510,37416,1,0
1560,28510,37440,0,1
1561,28510,37464,0,1
1562,28510,37488,1,0
1563,28510,37512,0,1
1564,28510,37536,0,1
1565,28510,37560,0,1
1566,28510,37584,0,1
1567,28510,37608,0,1
1568,28510,37632,0,1
1569,28510,37656,0,1
1570,28510,37680,1,0
1571,28510,37704,1,0
1572,28510,37728,1,0
1573,28510,37752,1,0
1574,28510,37776,1,0
1575,28510,37800,0,1
1576,28510,37824,1,0
1577,28510,37848,0,1
1578,28510,37872,0,1
1579,28510,37896,1,0
1580,28510,37920,0,1
1581,28510,37944,1,0
1582,28510,37968,1,0
1583,28510,37992,0,1
1584,28510,38016,0,1
1585,28510,38040,1,0
1586,28510,38064,1,0
1587,28510,38088,1,0
1588,28510,38112,1,0
1589,28510,38136,1,0
1590,28510,38160,1,0
1591,28510,38184,1,0
1592,28510,38208,1,0
1593,28510,38232,1,0
1594,28510,38256,0,1
1595,28510,38280,0,1
1596,28510,38304,0,1
1597,28510,38328,0,1
1598,28510,38352,0,1
1599,28510,38376,0,1
1600,28510,38400,0,1
1601,28510,38424,0,1
1602,28510,38448,0,1
1603,28510,38472,0,1
1604,28510,38496,0,1
1605,28510,38520,0,1
1606,28510,38544,0,1
1607,28510,38568,0,1
1608,28510,38592,0,1
1609,28510,38616,0,1
1610,28510,38640,0,1
1611,28510,38664,0,1
1612,28510,38688,0,1
1613,28510,38712,0,1
1614,28510,38736,0,1
1615,28510,38760,0,1
1616,28510,38784,0,1
1617,28510,38808,0,1
1618,28510,38832,0,1
1619,28510,38856,0,1
1620,28510,38880,0,1
1621,28510,38904,0,1
1622,28510,38928,0,1
1623,28510,38952,0,1
1624,28510,38976,0,1
1625,28510,39000,0,1
1626,28510,39024,0,1
1627,28510,39048,0,1
1628,28510,39072,0,1
1629,28510,39096,0,1
1630,28510,39120,0,1
1631,28510,39144,0,1
1632,28510,39168,0,1
1633,28510,39192,0,1
1634,28510,39216,0,1
1635,28510,39240,0,1
1636,28510,39264,0,1
1637,28510,39288,0,1
1638,28510,39312,0,1
1639,28510,39336,0,1
1640,28510,39360,0,1
1641,28510,39384,0,1
1642,28510,39408,1,0
1643,28510,39432,1,0
1644,28510,39456,1,0
1645,28510,39480,1,0
1646,28510,39504,0,1
1647,28510,39528,0,1
1648,28510,39552,0,1
1649,28510,39576,0,1
1650,28510,39600,0,1
1651,28510,39624,0,1
1652,28510,39648,0,1
1653,28510,39672,0,1
1654,28510,39696,0,1
1655,28510,39720,0,1
1656,28510,39744,0,1
1657,28510,39768,0,1
1658,28510,39792,0,1
1659,28510,39816,0,1
1660,28510,39840,0,1
1661,28510,39864,0,1
1662,28510,39888,0,1
1663,28510,39912,0,1
1664,28510,39936,0,1
1665,28510,39960,0,1
1666,28510,39984,0,1
1667,28510,40008,0,1
1668,28510,40032,0,1
1669,28510,40056,0,1
1670,28510,40080,0,1
1671,28510,40104,0,1
1672,28510,40128,0,1
1673,28510,40152,0,1
1674,28510,40176,0,1
1675,28510,40200,0,1
1676,28510,40224,0,1
1677,28510,40248,0,1
1678,28510,40272,1,0
1679,28510,40296,1,0
1680,28510,40320,0,1
1681,28510,40344,1,0
1682,28510,40368,1,0
1683,28510,40392,0,1
1684,28510,40416,0,1
1685,28510,40440,0,1
1686,28510,40464,0,1
1687,28510,40488,0,1
1688,28510,40512,0,1
1689,28510,40536,0,1
1690,28510,40560,0,1
1691,28510,40584,0,1
1692,28510,40608,0,1
1693,28510,40632,0,1
1694,28510,40656,0,1
1695,28510,40680,0,1
1696,28510,40704,0,1
1697,28510,40728,0,1
1698,28510,40752,0,1
1699,28510,40776,0,1
1700,28510,40800,0,1
1701,28510,40824,0,1
1702,28510,40848,0,1
1703,28510,40872,0,1
1704,28510,40896,0,1
1705,28510,40920,0,1
1706,28510,40944,0,1
1707,28510,40968,0,1
1708,28510,40992,0,1
1709,28510,41016,0,1
1710,28510,41040,0,1
1711,28510,41064,0,1
1712,28510,41088,0,1
1713,28510,41112,0,1
1714,28510,41136,0,1
1715,28510,41160,1,0
1716,28510,41184,1,0
1717,28510,41208,1,0
1718,28510,41232,1,0
1719,28510,41256,1,0
1720,28510,41280,1,0
1721,28510,41304,1,0
1722,28510,41328,1,0
1723,28510,41352,1,0
1724,28510,41376,1,0
1725,28510,41400,1,0
1726,28510,41424,1,0
1727,28510,41448,1,0
1728,28510,41472,1,0
1729,28510,41496,0,1
1730,28510,41520,0,1
1731,28510,41544,0,1
1732,28510,41568,0,1
1733,28510,41592,0,1
1734,28510,41616,0,1
1735,28510,41640,0,1
1736,28510,41664,0,1
1737,28510,41688,0,1
1738,28510,41712,0,1
1739,28510,41736,0,1
1740,28510,41760,0,1
1741,28510,41784,0,1
1742,28510,41808,0,1
1743,28510,41832,0,1
1744,28510,41856,0,1
1745,28510,41880,0,1
1746,28510,41904,0,1
1747,28510,41928,0,1
1748,28510,41952,0,1
1749,28510,41976,1,0
1750,28510,42000,0,1
1751,28510,42024,0,1
1752,28510,42048,0,1
1753,28510,42072,1,0
1754,28510,42096,0,1
1755,28510,42120,0,1
1756,28510,42144,0,1
1757,28510,42168,0,1
1758,28510,42192,0,1
1759,28510,42216,0,1
1760,28510,42240,0,1
1761,28510,42264,0,1
1762,28510,42288,0,1
1763,28510,42312,0,1
1764,28510,42336,0,1
1765,28510,42360,0,1
1766,28510,42384,0,1
1767,28510,42408,0,1
1768,28510,42432,0,1
1769,28510,42456,1,0
1770,28510,42480,1,0
1771,28510,42504,0,1
1772,28510,42528,1,0
1773,28510,42552,0,1
1774,28510,42576,1,0
1775,28510,42600,1,0
1776,28510,42624,0,1
1777,28510,42648,1,0
1778,28510,42672,1,0
1779,28510,42696,1,0
1780,28510,42720,1,0
1781,28510,42744,1,0
1782,28510,42768,0,1
1783,28510,42792,0,1
1784,28510,42816,1,0
1785,28510,42840,0,1
1786,28510,42864,0,1
1787,28510,42888,0,1
1788,28510,42912,0,1
1789,28510,42936,0,1
1790,28510,42960,0,1
1791,28510,42984,0,1
1792,28510,43008,0,1
1793,28510,43032,0,1
1794,28510,43056,0,1
1795,28510,43080,0,1
1796,28510,43104,0,1
1797,28510,43128,0,1
1798,28510,43152,0,1
1799,28510,43176,0,1
1800,28510,43200,0,1
1801,28510,43224,0,1
1802,28510,43248,0,1
1803,28510,43272,0,1
1804,28510,43296,0,1
1805,28510,43320,0,1
1806,28510,43344,0,1
1807,28510,43368,0,1
1808,28510,43392,0,1
1809,28510,43416,0,1
1810,28510,43440,0,1
1811,28510,43464,0,1
1812,28510,43488,0,1
1813,28510,43512,0,1
1814,28510,43536,0,1
1815,28510,43560,0,1
1816,28510,43584,0,1
1817,28510,43608,0,1
1818,28510,43632,0,1
1819,28510,43656,0,1
1820,28510,43680,0,1
1821,28510,43704,0,1
1822,28510,43728,0,1
1823,28510,43752,0,1
1824,28510,43776,0,1
1825,28510,43800,0,1
1826,28510,43824,0,1
1827,28510,43848,0,1
1828,28510,43872,0,1
1829,28510,43896,0,1
1830,28510,43920,0,1
1831,28510,43944,0,1
1832,28510,43968,0,1
1833,28510,43992,0,1
1834,28510,44016,0,1
1835,28510,44040,0,1
1836,28510,44064,0,1
1837,28510,44088,0,1
1838,28510,44112,0,1
1839,28510,44136,0,1
1840,28510,44160,0,1
1841,28510,44184,0,1
1842,28510,44208,0,1
1843,28510,44232,0,1
1844,28510,44256,0,1
1845,28510,44280,0,1
1846,28510,44304,0,1
1847,28510,44328,0,1
1848,28510,44352,0,1
1849,28510,44376,0,1
1850,28510,44400,0,1
1851,28510,44424,0,1
1852,28510,44448,0,1
1853,28510,44472,0,1
1854,28510,44496,0,1
1855,28510,44520,1,0
1856,28510,44544,0,1
1857,28510,44568,0,1
1858,28510,44592,0,1
1859,28510,44616,0,1
1860,28510,44640,0,1
1861,28510,44664,0,1
1862,28510,44688,0,1
1863,28510,44712,0,1
1864,28510,44736,0,1
1865,28510,44760,0,1
1866,28510,44784,0,1
1867,28510,44808,0,1
1868,28510,44832,0,1
1869,28510,44856,0,1
1870,28510,44880,0,1
1871,28510,44904,0,1
1872,28510,44928,0,1
1873,28510,44952,0,1
1874,28510,44976,0,1
1875,28510,45000,0,1
1876,28510,45024,0,1
1877,28510,45048,0,1
1878,28510,45072,0,1
1879,28510,45096,0,1
1880,28510,45120,0,1
1881,28510,45144,0,1
1882,28510,45168,0,1
1883,28510,45192,0,1
1884,28510,45216,0,1
1885,28510,45240,0,1
1886,28510,45264,0,1
1887,28510,45288,0,1
1888,28510,45312,0,1
1889,28510,45336,0,1
1890,28510,45360,0,1
1891,28510,45384,0,1
1892,28510,45408,0,1
1893,28510,45432,0,1
1894,28510,45456,0,1
1895,28510,45480,0,1
1896,28510,45504,0,1
1897,28510,45528,0,1
1898,28510,45552,0,1
1899,28510,45576,0,1
1900,28510,45600,0,1
1901,28510,45624,0,1
1902,28510,45648,0,1
1903,28510,45672,0,1
1904,28510,45696,0,1
1905,28510,45720,0,1
1906,28510,45744,0,1
1907,28510,45768,0,1
1908,28510,45792,0,1
1909,28510,45816,0,1
1910,28510,45840,0,1
1911,28510,45864,0,1
1912,28510,45888,0,1
1913,28510,45912,0,1
1914,28510,45936,0,1
1915,28510,45960,0,1
1916,28510,45984,0,1
1917,28510,46008,0,1
1918,28510,46032,0,1
1919,28510,46056,0,1
1920,28510,46080,0,1
1921,28510,46104,0,1
1922,28510,46128,0,1
1923,28510,46152,0,1
1924,28510,46176,0,1
1925,28510,46200,0,1
1926,28510,46224,0,1
1927,28510,46248,0,1
1928,28510,46272,0,1
1929,28510,46296,0,1
1930,28510,46320,0,1
1931,28510,46344,0,1
1932,28510,46368,0,1
1933,28510,46392,0,1
1934,28510,46416,0,1
1935,28510,46440,0,1
1936,28510,46464,0,1
1937,28510,46488,0,1
1938,28510,46512,0,1
1939,28510,46536,0,1
1940,28510,46560,0,1
1941,28510,46584,0,1
1942,28510,46608,0,1
1943,28510,46632,1,0
1944,28510,46656,0,1
1945,28510,46680,1,0
1946,28510,46704,1,0
1947,28510,46728,0,1
1948,28510,46752,0,1
1949,28510,46776,0,1
1950,28510,46800,0,1
1951,28510,46824,0,1
1952,28510,46848,0,1
1953,28510,46872,0,1
1954,28510,46896,0,1
1955,28510,46920,0,1
1956,28510,46944,0,1
1957,28510,46968,0,1
1958,28510,46992,0,1
1959,28510,47016,0,1
1960,28510,47040,0,1
1961,28510,47064,0,1
1962,28510,47088,0,1
1963,28510,47112,1,0
1964,28510,47136,1,0
1965,28510,47160,1,0
1966,28510,47184,0,1
1967,28510,47208,0,1
1968,28510,47232,1,0
1969,28510,47256,0,1
1970,28510,47280,1,0
1971,28510,47304,1,0
1972,28510,47328,1,0
1973,28510,47352,1,0
1974,28510,47376,0,1
1975,28510,47400,1,0
1976,28510,47424,1,0
1977,28510,47448,0,1
1978,28510,47472,1,0
1979,28510,47496,0,1
1980,28510,47520,0,1
1981,28510,47544,0,1
1982,28510,47568,0,1
1983,28510,47592,0,1
1984,28510,47616,0,1
1985,28510,47640,0,1
1986,28510,47664,0,1
1987,28510,47688,0,1
1988,28510,47712,0,1
1989,28510,47736,0,1
1990,28510,47760,1,0
1991,28510,47784,0,1
1992,28510,47808,0,1
1993,28510,47832,0,1
1994,28510,47856,0,1
1995,28510,47880,1,0
1996,28510,47904,1,0
1997,28510,47928,0,1
1998,28510,47952,0,1
1999,28510,47976,0,1
2000,28510,48000,0,1
2001,28510,48024,0,1
2002,28510,48048,0,1
2003,28510,48072,0,1
2004,28510,48096,0,1
2005,28510,48120,0,1
2006,28510,48144,0,1
2007,28510,48168,0,1
2008,28510,48192,0,1
2009,28510,48216,0,1
2010,28510,48240,0,1
2011,28510,48264,0,1
2012,28510,48288,0,1
2013,28510,48312,0,1
2014,28510,48336,0,1
2015,28510,48360,0,1
2016,28510,48384,0,1
2017,28510,48408,0,1
2018,28510,48432,0,1
2019,28510,48456,0,1
2020,28510,48480,0,1
2021,28510,48504,0,1
2022,28510,48528,0,1
2023,28510,48552,0,1
2024,28510,48576,0,1
2025,28510,48600,0,1
2026,28510,48624,0,1
2027,28510,48648,0,1
2028,28510,48672,0,1
2029,28510,48696,0,1
2030,28510,48720,1,0
2031,28510,48744,1,0
2032,28510,48768,0,1
2033,28510,48792,0,1
2034,28510,48816,0,1
2035,28510,48840,0,1
2036,28510,48864,0,1
2037,28510,48888,0,1
2038,28510,48912,0,1
2039,28510,48936,0,1
2040,28510,48960,0,1
2041,28510,48984,0,1
2042,28510,49008,0,1
2043,28510,49032,0,1
2044,28510,49056,0,1
2045,28510,49080,0,1
2046,28510,49104,0,1
2047,28510,49128,0,1
2048,28510,49152,0,1
2049,28510,49176,0,1
2050,28510,49200,0,1
2051,28510,49224,0,1
2052,28510,49248,0,1
2053,28510,49272,0,1
2054,28510,49296,0,1
2055,28510,49320,0,1
2056,28510,49344,0,1
2057,28510,49368,0,1
2058,28510,49392,0,1
2059,28510,49416,0,1
2060,28510,49440,0,1
2061,28510,49464,0,1
2062,28510,49488,0,1
2063,28510,49512,0,1
2064,28510,49536,0,1
2065,28510,49560,0,1
2066,28510,49584,0,1
2067,28510,49608,0,1
2068,28510,49632,0,1
2069,28510,49656,0,1
2070,28510,49680,0,1
2071,28510,49704,0,1
2072,28510,49728,0,1
2073,28510,49752,1,0
2074,28510,49776,0,1
2075,28510,49800,1,0
2076,28510,49824,0,1
2077,28510,49848,0,1
2078,28510,49872,0,1
2079,28510,49896,0,1
2080,28510,49920,1,0
2081,28510,49944,0,1
2082,28510,49968,1,0
2083,28510,49992,1,0
2084,28510,50016,1,0
2085,28510,50040,0,1
2086,28510,50064,0,1
2087,28510,50088,0,1
2088,28510,50112,0,1
2089,28510,50136,0,1
2090,28510,50160,0,1
2091,28510,50184,0,1
2092,28510,50208,0,1
2093,28510,50232,0,1
2094,28510,50256,0,1
2095,28510,50280,0,1
2096,28510,50304,1,0
2097,28510,50328,0,1
2098,28510,50352,0,1
2099,28510,50376,0,1
2100,28510,50400,0,1
2101,28510,50424,0,1
2102,28510,50448,0,1
2103,28510,50472,0,1
2104,28510,50496,0,1
2105,28510,50520,0,1
2106,28510,50544,0,1
2107,28510,50568,0,1
2108,28510,50592,0,1
2109,28510,50616,0,1
2110,28510,50640,0,1
2111,28510,50664,0,1
2112,28510,50688,0,1
2113,28510,50712,0,1
2114,28510,50736,0,1
2115,28510,50760,0,1
2116,28510,50784,0,1
2117,28510,50808,0,1
2118,28510,50832,0,1
2119,28510,50856,0,1
2120,28510,50880,0,1
2121,28510,50904,0,1
2122,28510,50928,0,1
2123,28510,50952,1,0
2124,28510,50976,0,1
2125,28510,51000,0,1
2126,28510,51024,0,1
2127,28510,51048,1,0
2128,28510,51072,0,1
2129,28510,51096,0,1
2130,28510,51120,1,0
2131,28510,51144,0,1
2132,28510,51168,0,1
2133,28510,51192,0,1
2134,28510,51216,0,1
2135,28510,51240,0,1
2136,28510,51264,0,1
2137,28510,51288,0,1
2138,28510,51312,0,1
2139,28510,51336,0,1
2140,28510,51360,0,1
2141,28510,51384,0,1
2142,28510,51408,0,1
2143,28510,51432,0,1
2144,28510,51456,0,1
2145,28510,51480,0,1
2146,28510,51504,0,1
2147,28510,51528,0,1
2148,28510,51552,0,1
2149,28510,51576,0,1
2150,28510,51600,0,1
2151,28510,51624,0,1
2152,28510,51648,0,1
2153,28510,51672,0,1
2154,28510,51696,0,1
2155,28510,51720,0,1
2156,28510,51744,0,1
2157,28510,51768,0,1
2158,28510,51792,0,1
2159,28510,51816,0,1
2160,28510,51840,0,1
2161,28510,51864,0,1
2162,28510,51888,0,1
2163,28510,51912,0,1
2164,28510,51936,0,1
2165,28510,51960,0,1
2166,28510,51984,0,1
2167,28510,52008,0,1
2168,28510,52032,0,1
2169,28510,52056,0,1
2170,28510,52080,0,1
2171,28510,52104,0,1
2172,28510,52128,0,1
2173,28510,52152,0,1
2174,28510,52176,0,1
2175,28510,52200,0,1
2176,28510,52224,0,1
2177,28510,52248,0,1
2178,28510,52272,0,1
2179,28510,52296,0,1
2180,28510,52320,0,1
2181,28510,52344,0,1
2182,28510,52368,0,1
2183,28510,52392,0,1
2184,28510,52416,0,1
2185,28510,52440,0,1
2186,28510,52464,0,1
2187,28510,52488,0,1
2188,28510,52512,0,1
2189,28510,52536,0,1
2190,28510,52560,0,1
2191,28510,52584,0,1
2192,28510,52608,0,1
2193,28510,52632,0,1
2194,28510,52656,0,1
2195,28510,52680,0,1
2196,28510,52704,0,1
2197,28510,52728,1,0
2198,28510,52752,1,0
2199,28510,52776,1,0
2200,28510,52800,0,1
2201,28510,52824,0,1
2202,28510,52848,0,1
2203,28510,52872,0,1
2204,28510,52896,0,1
2205,28510,52920,0,1
2206,28510,52944,0,1
2207,28510,52968,0,1
2208,28510,52992,0,1
2209,28510,53016,0,1
2210,28510,53040,0,1
2211,28510,53064,0,1
2212,28510,53088,0,1
2213,28510,53112,0,1
2214,28510,53136,0,1
2215,28510,53160,0,1
2216,28510,53184,0,1
2217,28510,53208,0,1
2218,28510,53232,0,1
2219,28510,53256,0,1
2220,28510,53280,1,0
2221,28510,53304,1,0
2222,28510,53328,1,0
2223,28510,53352,0,1
2224,28510,53376,1,0
2225,28510,53400,0,1
2226,28510,53424,0,1
2227,28510,53448,0,1
2228,28510,53472,0,1
2229,28510,53496,0,1
2230,28510,53520,0,1
2231,28510,53544,0,1
2232,28510,53568,0,1
2233,28510,53592,0,1
2234,28510,53616,1,0
2235,28510,53640,1,0
2236,28510,53664,0,1
2237,28510,53688,0,1
2238,28510,53712,0,1
2239,28510,53736,0,1
2240,28510,53760,0,1
2241,28510,53784,0,1
2242,28510,53808,1,0
2243,28510,53832,0,1
2244,28510,53856,0,1
2245,28510,53880,0,1
2246,28510,53904,0,1
2247,28510,53928,0,1
2248,28510,53952,0,1
2249,28510,53976,0,1
2250,28510,54000,0,1
2251,28510,54024,0,1
2252,28510,54048,0,1
2253,28510,54072,0,1
2254,28510,54096,0,1
2255,28510,54120,0,1
2256,28510,54144,0,1
2257,28510,54168,0,1
2258,28510,54192,0,1
2259,28510,54216,0,1
2260,28510,54240,0,1
2261,28510,54264,0,1
2262,28510,54288,0,1
2263,28510,54312,0,1
2264,28510,54336,0,1
2265,28510,54360,0,1
2266,28510,54384,0,1
2267,28510,54408,0,1
2268,28510,54432,0,1
2269,28510,54456,0,1
2270,28510,54480,0,1
2271,28510,54504,0,1
2272,28510,54528,0,1
2273,28510,54552,0,1
2274,28510,54576,0,1
2275,28510,54600,0,1
2276,28510,54624,0,1
2277,28510,54648,0,1
2278,28510,54672,0,1
2279,28510,54696,0,1
2280,28510,54720,0,1
2281,28510,54744,0,1
2282,28510,54768,0,1
2283,28510,54792,0,1
2284,28510,54816,0,1
2285,28510,54840,0,1
2286,28510,54864,0,1
2287,28510,54888,0,1
2288,28510,54912,0,1
2289,28510,54936,0,1
2290,28510,54960,0,1
2291,28510,54984,0,1
2292,28510,55008,0,1
2293,28510,55032,0,1
2294,28510,55056,0,1
2295,28510,55080,0,1
2296,28510,55104,0,1
2297,28510,55128,0,1
2298,28510,55152,0,1
2299,28510,55176,0,1
2300,28510,55200,0,1
2301,28510,55224,0,1
2302,28510,55248,0,1
2303,28510,55272,0,1
2304,28510,55296,0,1
2305,28510,55320,0,1
2306,28510,55344,0,1
2307,28510,55368,0,1
2308,28510,55392,0,1
2309,28510,55416,0,1
2310,28510,55440,0,1
2311,28510,55464,0,1
2312,28510,55488,0,1
2313,28510,55512,0,1
2314,28510,55536,0,1
2315,28510,55560,0,1
2316,28510,55584,0,1
2317,28510,55608,0,1
2318,28510,55632,0,1
2319,28510,55656,0,1
2320,28510,55680,0,1
2321,28510,55704,0,1
2322,28510,55728,0,1
2323,28510,55752,0,1
2324,28510,55776,0,1
2325,28510,55800,0,1
2326,28510,55824,0,1
2327,28510,55848,0,1
2328,28510,55872,0,1
2329,28510,55896,0,1
2330,28510,55920,0,1
2331,28510,55944,0,1
2332,28510,55968,0,1
2333,28510,55992,0,1
2334,28510,56016,0,1
2335,28510,56040,0,1
2336,28510,56064,0,1
2337,28510,56088,0,1
2338,28510,56112,0,1
2339,28510,56136,0,1
2340,28510,56160,0,1
2341,28510,56184,0,1
2342,28510,56208,0,1
2343,28510,56232,0,1
2344,28510,56256,0,1
2345,28510,56280,0,1
2346,28510,56304,0,1
2347,28510,56328,0,1
2348,28510,56352,0,1
2349,28510,56376,0,1
2350,28510,56400,0,1
2351,28510,56424,0,1
2352,28510,56448,0,1
2353,28510,56472,0,1
2354,28510,56496,0,1
2355,28510,56520,0,1
2356,28510,56544,0,1
2357,28510,56568,0,1
2358,28510,56592,0,1
2359,28510,56616,0,1
2360,28510,56640,0,1
2361,28510,56664,0,1
2362,28510,56688,0,1
2363,28510,56712,0,1
2364,28510,56736,0,1
2365,28510,56760,0,1
2366,28510,56784,0,1
2367,28510,56808,0,1
2368,28510,56832,0,1
2369,28510,56856,0,1
2370,28510,56880,0,1
2371,28510,56904,0,1
2372,28510,56928,0,1
2373,28510,56952,0,1
2374,28510,56976,0,1
2375,28510,57000,0,1
2376,28510,57024,0,1
2377,28510,57048,0,1
2378,28510,57072,0,1
2379,28510,57096,0,1
2380,28510,57120,0,1
2381,28510,57144,0,1
2382,28510,57168,0,1
2383,28510,57192,0,1
2384,28510,57216,0,1
2385,28510,57240,0,1
2386,28510,57264,0,1
2387,28510,57288,0,1
2388,28510,57312,0,1
2389,28510,57336,0,1
2390,28510,57360,0,1
2391,28510,57384,1,0
2392,28510,57408,0,1
2393,28510,57432,0,1
2394,28510,57456,0,1
2395,28510,57480,0,1
2396,28510,57504,0,1
2397,28510,57528,0,1
2398,28510,57552,0,1
2399,28510,57576,0,1
2400,28510,57600,0,1
2401,28510,57624,0,1
2402,28510,57648,0,1
2403,28510,57672,0,1
2404,28510,57696,0,1
2405,28510,57720,0,1
2406,28510,57744,0,1
2407,28510,57768,0,1
2408,28510,57792,0,1
2409,28510,57816,0,1
2410,28510,57840,0,1
2411,28510,57864,0,1
2412,28510,57888,0,1
2413,28510,57912,0,1
2414,28510,57936,0,1
2415,28510,57960,0,1
2416,28510,57984,0,1
2417,28510,58008,0,1
2418,28510,58032,0,1
2419,28510,58056,0,1
2420,28510,58080,0,1
2421,28510,58104,0,1
2422,28510,58128,0,1
2423,28510,58152,0,1
2424,28510,58176,0,1
2425,28510,58200,0,1
2426,28510,58224,0,1
2427,28510,58248,0,1
2428,28510,58272,0,1
2429,28510,58296,0,1
2430,28510,58320,0,1
2431,28510,58344,0,1
2432,28510,58368,0,1
2433,28510,58392,0,1
2434,28510,58416,0,1
2435,28510,58440,0,1
2436,28510,58464,0,1
2437,28510,58488,0,1
2438,28510,58512,0,1
2439,28510,58536,0,1
2440,28510,58560,0,1
2441,28510,58584,0,1
2442,28510,58608,0,1
2443,28510,58632,0,1
2444,28510,58656,0,1
2445,28510,58680,0,1
2446,28510,58704,0,1
2447,28510,58728,0,1
2448,28510,58752,0,1
2449,28510,58776,0,1
2450,28510,58800,0,1
2451,28510,58824,0,1
2452,28510,58848,0,1
2453,28510,58872,0,1
2454,28510,58896,0,1
2455,28510,58920,0,1
2456,28510,58944,0,1
2457,28510,58968,0,1
2458,28510,58992,0,1
2459,28510,59016,0,1
2460,28510,59040,0,1
2461,28510,59064,0,1
2462,28510,59088,0,1
2463,28510,59112,0,1
2464,28510,59136,0,1
2465,28510,59160,0,1
2466,28510,59184,0,1
2467,28510,59208,0,1
2468,28510,59232,0,1
2469,28510,59256,0,1
2470,28510,59280,0,1
2471,28510,59304,0,1
2472,28510,59328,0,1
2473,28510,59352,0,1
2474,28510,59376,0,1
2475,28510,59400,0,1
2476,28510,59424,0,1
2477,28510,59448,0,1
2478,28510,59472,0,1
2479,28510,59496,0,1
2480,28510,59520,0,1
2481,28510,59544,0,1
2482,28510,59568,0,1
2483,28510,59592,0,1
2484,28510,59616,0,1
2485,28510,59640,0,1
2486,28510,59664,0,1
2487,28510,59688,0,1
2488,28510,59712,0,1
2489,28510,59736,0,1
2490,28510,59760,0,1
2491,28510,59784,0,1
2492,28510,59808,0,1
2493,28510,59832,0,1
2494,28510,59856,0,1
2495,28510,59880,0,1
2496,28510,59904,0,1
2497,28510,59928,0,1
2498,28510,59952,0,1
2499,28510,59976,0,1
2500,28510,60000,0,1
2501,28510,60024,0,1
2502,28510,60048,0,1
2503,28510,60072,0,1
2504,28510,60096,0,1
2505,28510,60120,0,1
2506,28510,60144,0,1
2507,28510,60168,0,1
2508,28510,60192,0,1
2509,28510,60216,0,1
2510,28510,60240,0,1
2511,28510,60264,0,1
2512,28510,60288,0,1
2513,28510,60312,0,1
2514,28510,60336,0,1
2515,28510,60360,0,1
2516,28510,60384,0,1
2517,28510,60408,0,1
2518,28510,60432,1,0
2519,28510,60456,0,1
2520,28510,60480,0,1
2521,28510,60504,0,1
2522,28510,60528,0,1
2523,28510,60552,0,1
2524,28510,60576,0,1
2525,28510,60600,0,1
2526,28510,60624,0,1
2527,28510,60648,0,1
2528,28510,60672,0,1
2529,28510,60696,0,1
2530,28510,60720,0,1
2531,28510,60744,0,1
2532,28510,60768,0,1
2533,28510,60792,0,1
2534,28510,60816,0,1
2535,28510,60840,0,1
2536,28510,60864,0,1
2537,28510,60888,0,1
2538,28510,60912,0,1
2539,28510,60936,0,1
2540,28510,60960,0,1
2541,28510,60984,0,1
2542,28510,61008,0,1
2543,28510,61032,0,1
2544,28510,61056,0,1
2545,28510,61080,0,1
2546,28510,61104,0,1
2547,28510,61128,1,0
2548,28510,61152,0,1
2549,28510,61176,0,1
2550,28510,61200,0,1
2551,28510,61224,0,1
2552,28510,61248,0,1
2553,28510,61272,0,1
2554,28510,61296,0,1
2555,28510,61320,0,1
2556,28510,61344,0,1
2557,28510,61368,0,1
2558,28510,61392,0,1
2559,28510,61416,0,1
2560,28510,61440,0,1
2561,28510,61464,0,1
2562,28510,61488,0,1
2563,28510,61512,0,1
2564,28510,61536,0,1
2565,28510,61560,0,1
2566,28510,61584,0,1
2567,28510,61608,0,1
2568,28510,61632,0,1
2569,28510,61656,0,1
2570,28510,61680,0,1
2571,28510,61704,0,1
2572,28510,61728,0,1
2573,28510,61752,0,1
2574,28510,61776,0,1
2575,28510,61800,0,1
2576,28510,61824,0,1
2577,28510,61848,0,1
2578,28510,61872,0,1
2579,28510,61896,0,1
2580,28510,61920,0,1
2581,28510,61944,0,1
2582,28510,61968,0,1
2583,28510,61992,0,1
2584,28510,62016,0,1
2585,28510,62040,0,1
2586,28510,62064,0,1
2587,28510,62088,0,1
2588,28510,62112,0,1
2589,28510,62136,0,1
2590,28510,62160,0,1
2591,28510,62184,0,1
2592,28510,62208,0,1
2593,28510,62232,0,1
2594,28510,62256,0,1
2595,28510,62280,0,1
2596,28510,62304,0,1
2597,28510,62328,0,1
2598,28510,62352,0,1
2599,28510,62376,0,1
2600,28510,62400,0,1
2601,28510,62424,0,1
2602,28510,62448,0,1
2603,28510,62472,0,1
2604,28510,62496,0,1
2605,28510,62520,0,1
2606,28510,62544,0,1
2607,28510,62568,0,1
2608,28510,62592,0,1
2609,28510,62616,0,1
2610,28510,62640,0,1
2611,28510,62664,0,1
2612,28510,62688,0,1
2613,28510,62712,0,1
2614,28510,62736,0,1
2615,28510,62760,0,1
2616,28510,62784,0,1
2617,28510,62808,1,0
2618,28510,62832,1,0
2619,28510,62856,1,0
2620,28510,62880,1,0
2621,28510,62904,1,0
2622,28510,62928,0,1
2623,28510,62952,0,1
2624,28510,62976,0,1
2625,28510,63000,0,1
2626,28510,63024,0,1
2627,28510,63048,0,1
2628,28510,63072,0,1
2629,28510,63096,0,1
2630,28510,63120,0,1
2631,28510,63144,0,1
2632,28510,63168,0,1
2633,28510,63192,0,1
2634,28510,63216,0,1
2635,28510,63240,0,1
2636,28510,63264,0,1
2637,28510,63288,0,1
2638,28510,63312,0,1
2639,28510,63336,1,0
2640,28510,63360,0,1
2641,28510,63384,0,1
2642,28510,63408,0,1
2643,28510,63432,0,1
2644,28510,63456,0,1
2645,28510,63480,0,1
2646,28510,63504,0,1
2647,28510,63528,0,1
2648,28510,63552,0,1
2649,28510,63576,0,1
2650,28510,63600,1,0
2651,28510,63624,0,1
2652,28510,63648,0,1
2653,28510,63672,0,1
2654,28510,63696,1,0
2655,28510,63720,0,1
2656,28510,63744,0,1
2657,28510,63768,0,1
2658,28510,63792,0,1
2659,28510,63816,0,1
2660,28510,63840,0,1
2661,28510,63864,0,1
2662,28510,63888,0,1
2663,28510,63912,0,1
2664,28510,63936,0,1
2665,28510,63960,0,1
2666,28510,63984,0,1
2667,28510,64008,0,1
2668,28510,64032,0,1
2669,28510,64056,0,1
2670,28510,64080,0,1
2671,28510,64104,0,1
2672,28510,64128,0,1
2673,28510,64152,0,1
2674,28510,64176,0,1
2675,28510,64200,0,1
2676,28510,64224,0,1
2677,28510,64248,0,1
2678,28510,64272,0,1
2679,28510,64296,0,1
2680,28510,64320,0,1
2681,28510,64344,0,1
2682,28510,64368,1,0
2683,28510,64392,0,1
2684,28510,64416,0,1
2685,28510,64440,1,0
2686,28510,64464,0,1
2687,28510,64488,0,1
2688,28510,64512,0,1
2689,28510,64536,0,1
2690,28510,64560,0,1
2691,28510,64584,0,1
2692,28510,64608,0,1
2693,28510,64632,0,1
2694,28510,64656,0,1
2695,28510,64680,0,1
2696,28510,64704,0,1
2697,28510,64728,0,1
2698,28510,64752,0,1
2699,28510,64776,0,1
2700,28510,64800,0,1
2701,28510,64824,0,1
2702,28510,64848,0,1
2703,28510,64872,0,1
2704,28510,64896,0,1
2705,28510,64920,0,1
2706,28510,64944,0,1
2707,28510,64968,0,1
2708,28510,64992,0,1
2709,28510,65016,0,1
2710,28510,65040,0,1
2711,28510,65064,0,1
2712,28510,65088,0,1
2713,28510,65112,0,1
2714,28510,65136,0,1
2715,28510,65160,0,1
2716,28510,65184,0,1
2717,28510,65208,0,1
2718,28510,65232,0,1
2719,28510,65256,0,1
2720,28510,65280,0,1
2721,28510,65304,0,1
2722,28510,65328,0,1
2723,28510,65352,0,1
2724,28510,65376,0,1
2725,28510,65400,0,1
2726,28510,65424,0,1
2727,28510,65448,0,1
2728,28510,65472,0,1
2729,28510,65496,0,1
2730,28510,65520,0,1
2731,28510,65544,0,1
2732,28510,65568,0,1
2733,28510,65592,0,1
2734,28510,65616,1,0
2735,28510,65640,0,1
2736,28510,65664,1,0
2737,28510,65688,0,1
2738,28510,65712,0,1
2739,28510,65736,0,1
2740,28510,65760,0,1
2741,28510,65784,0,1
2742,28510,65808,0,1
2743,28510,65832,0,1
2744,28510,65856,0,1
2745,28510,65880,0,1
2746,28510,65904,0,1
2747,28510,65928,0,1
2748,28510,65952,0,1
2749,28510,65976,0,1
2750,28510,66000,0,1
2751,28510,66024,0,1
2752,28510,66048,0,1
2753,28510,66072,0,1
2754,28510,66096,0,1
2755,28510,66120,0,1
2756,28510,66144,0,1
2757,28510,66168,0,1
2758,28510,66192,0,1
2759,28510,66216,0,1
2760,28510,66240,0,1
2761,28510,66264,0,1
2762,28510,66288,0,1
2763,28510,66312,0,1
2764,28510,66336,0,1
2765,28510,66360,0,1
2766,28510,66384,0,1
2767,28510,66408,0,1
2768,28510,66432,0,1
2769,28510,66456,1,0
2770,28510,66480,0,1
2771,28510,66504,0,1
2772,28510,66528,0,1
2773,28510,66552,0,1
2774,28510,66576,0,1
2775,28510,66600,0,1
2776,28510,66624,0,1
2777,28510,66648,0,1
2778,28510,66672,0,1
2779,28510,66696,0,1
2780,28510,66720,0,1
2781,28510,66744,0,1
2782,28510,66768,0,1
2783,28510,66792,0,1
2784,28510,66816,0,1
2785,28510,66840,0,1
2786,28510,66864,0,1
2787,28510,66888,0,1
2788,28510,66912,0,1
2789,28510,66936,0,1
2790,28510,66960,0,1
2791,28510,66984,0,1
2792,28510,67008,0,1
2793,28510,67032,0,1
2794,28510,67056,0,1
2795,28510,67080,0,1
2796,28510,67104,0,1
2797,28510,67128,0,1
2798,28510,67152,0,1
2799,28510,67176,0,1
2800,28510,67200,0,1
2801,28510,67224,0,1
2802,28510,67248,0,1
2803,28510,67272,0,1
2804,28510,67296,0,1
2805,28510,67320,0,1
2806,28510,67344,0,1
2807,28510,67368,0,1
2808,28510,67392,0,1
2809,28510,67416,0,1
2810,28510,67440,0,1
2811,28510,67464,0,1
2812,28510,67488,0,1
2813,28510,67512,0,1
2814,28510,67536,0,1
2815,28510,67560,0,1
2816,28510,67584,0,1
2817,28510,67608,0,1
2818,28510,67632,0,1
2819,28510,67656,0,1
2820,28510,67680,0,1
2821,28510,67704,0,1
2822,28510,67728,0,1
2823,28510,67752,0,1
2824,28510,67776,0,1
2825,28510,67800,0,1
2826,28510,67824,0,1
2827,28510,67848,0,1
2828,28510,67872,0,1
2829,28510,67896,0,1
2830,28510,67920,0,1
2831,28510,67944,0,1
2832,28510,67968,0,1
2833,28510,67992,0,1
2834,28510,68016,0,1
2835,28510,68040,0,1
2836,28510,68064,0,1
2837,28510,68088,0,1
2838,28510,68112,0,1
2839,28510,68136,0,1
2840,28510,68160,0,1
2841,28510,68184,0,1
2842,28510,68208,0,1
2843,28510,68232,0,1
2844,28510,68256,0,1
2845,28510,68280,0,1
2846,28510,68304,0,1
2847,28510,68328,0,1
2848,28510,68352,0,1
2849,28510,68376,0,1
2850,28510,68400,0,1
2851,28510,68424,0,1
2852,28510,68448,0,1
2853,28510,68472,0,1
2854,28510,68496,0,1
2855,28510,68520,0,1
2856,28510,68544,0,1
2857,28510,68568,0,1
2858,28510,68592,0,1
2859,28510,68616,0,1
2860,28510,68640,0,1
2861,28510,68664,1,0
2862,28510,68688,0,1
2863,28510,68712,0,1
2864,28510,68736,0,1
2865,28510,68760,1,0
2866,28510,68784,0,1
2867,28510,68808,0,1
2868,28510,68832,0,1
2869,28510,68856,1,0
2870,28510,68880,1,0
2871,28510,68904,1,0
2872,28510,68928,1,0
2873,28510,68952,0,1
2874,28510,68976,0,1
2875,28510,69000,0,1
2876,28510,69024,0,1
2877,28510,69048,1,0
2878,28510,69072,1,0
2879,28510,69096,1,0
2880,28510,69120,0,1
2881,28510,69144,0,1
2882,28510,69168,0,1
2883,28510,69192,0,1
2884,28510,69216,0,1
2885,28510,69240,0,1
2886,28510,69264,0,1
2887,28510,69288,0,1
2888,28510,69312,0,1
2889,28510,69336,0,1
2890,28510,69360,0,1
2891,28510,69384,0,1
2892,28510,69408,0,1
2893,28510,69432,0,1
2894,28510,69456,0,1
2895,28510,69480,0,1
2896,28510,69504,0,1
2897,28510,69528,0,1
2898,28510,69552,0,1
2899,28510,69576,0,1
2900,28510,69600,0,1
2901,28510,69624,0,1
2902,28510,69648,0,1
2903,28510,69672,0,1
2904,28510,69696,0,1
2905,28510,69720,0,1
2906,28510,69744,0,1
2907,28510,69768,0,1
2908,28510,69792,0,1
2909,28510,69816,0,1
2910,28510,69840,0,1
2911,28510,69864,0,1
2912,28510,69888,0,1
2913,28510,69912,1,0
2914,28510,69936,0,1
2915,28510,69960,0,1
2916,28510,69984,0,1
2917,28510,70008,0,1
2918,28510,70032,0,1
2919,28510,70056,0,1
2920,28510,70080,0,1
2921,28510,70104,0,1
2922,28510,70128,0,1
2923,28510,70152,0,1
2924,28510,70176,0,1
2925,28510,70200,0,1
2926,28510,70224,0,1
2927,28510,70248,0,1
2928,28510,70272,0,1
2929,28510,70296,0,1
2930,28510,70320,0,1
2931,28510,70344,0,1
2932,28510,70368,0,1
2933,28510,70392,0,1
2934,28510,70416,0,1
2935,28510,70440,0,1
2936,28510,70464,0,1
2937,28510,70488,0,1
2938,28510,70512,0,1
2939,28510,70536,1,0
2940,28510,70560,0,1
2941,28510,70584,0,1
2942,28510,70608,0,1
2943,28510,70632,0,1
2944,28510,70656,0,1
2945,28510,70680,1,0
2946,28510,70704,0,1
2947,28510,70728,0,1
2948,28510,70752,0,1
2949,28510,70776,0,1
2950,28510,70800,0,1
2951,28510,70824,0,1
2952,28510,70848,1,0
2953,28510,70872,1,0
2954,28510,70896,1,0
2955,28510,70920,1,0
2956,28510,70944,1,0
2957,28510,70968,0,1
2958,28510,70992,0,1
2959,28510,71016,1,0
2960,28510,71040,1,0
2961,28510,71064,0,1
2962,28510,71088,0,1
2963,28510,71112,0,1
2964,28510,71136,0,1
2965,28510,71160,0,1
2966,28510,71184,0,1
2967,28510,71208,0,1
2968,28510,71232,0,1
2969,28510,71256,0,1
2970,28510,71280,0,1
2971,28510,71304,0,1
2972,28510,71328,0,1
2973,28510,71352,0,1
2974,28510,71376,0,1
2975,28510,71400,0,1
2976,28510,71424,0,1
2977,28510,71448,0,1
2978,28510,71472,0,1
2979,28510,71496,1,0
2980,28510,71520,0,1
2981,28510,71544,0,1
2982,28510,71568,1,0
2983,28510,71592,0,1
2984,28510,71616,0,1
2985,28510,71640,0,1
2986,28510,71664,0,1
2987,28510,71688,0,1
2988,28510,71712,0,1
2989,28510,71736,0,1
2990,28510,71760,0,1
2991,28510,71784,1,0
2992,28510,71808,1,0
2993,28510,71832,1,0
2994,28510,71856,1,0
2995,28510,71880,1,0
2996,28510,71904,0,1
2997,28510,71928,1,0
2998,28510,71952,0,1
2999,28510,71976,1,0
3000,28510,72000,0,1
3001,28510,72024,0,1
3002,28510,72048,0,1
3003,28510,72072,0,1
3004,28510,72096,0,1
3005,28510,72120,0,1
3006,28510,72144,0,1
3007,28510,72168,0,1
3008,28510,72192,0,1
3009,28510,72216,0,1
3010,28510,72240,0,1
3011,28510,72264,0,1
3012,28510,72288,0,1
3013,28510,72312,0,1
3014,28510,72336,0,1
3015,28510,72360,0,1
3016,28510,72384,1,0
3017,28510,72408,0,1
3018,28510,72432,0,1
3019,28510,72456,0,1
3020,28510,72480,0,1
3021,28510,72504,0,1
3022,28510,72528,0,1
3023,28510,72552,0,1
3024,28510,72576,0,1
3025,28510,72600,0,1
3026,28510,72624,0,1
3027,28510,72648,0,1
3028,28510,72672,0,1
3029,28510,72696,0,1
3030,28510,72720,0,1
3031,28510,72744,0,1
3032,28510,72768,0,1
3033,28510,72792,0,1
3034,28510,72816,0,1
3035,28510,72840,0,1
3036,28510,72864,0,1
3037,28510,72888,0,1
3038,28510,72912,0,1
3039,28510,72936,0,1
3040,28510,72960,0,1
3041,28510,72984,0,1
3042,28510,73008,0,1
3043,28510,73032,1,0
3044,28510,73056,1,0
3045,28510,73080,1,0
3046,28510,73104,1,0
3047,28510,73128,0,1
3048,28510,73152,0,1
3049,28510,73176,1,0
3050,28510,73200,1,0
3051,28510,73224,0,1
3052,28510,73248,0,1
3053,28510,73272,0,1
3054,28510,73296,0,1
3055,28510,73320,0,1
3056,28510,73344,0,1
3057,28510,73368,0,1
3058,28510,73392,0,1
3059,28510,73416,0,1
3060,28510,73440,0,1
3061,28510,73464,0,1
3062,28510,73488,0,1
3063,28510,73512,0,1
3064,28510,73536,0,1
3065,28510,73560,0,1
3066,28510,73584,0,1
3067,28510,73608,0,1
3068,28510,73632,0,1
3069,28510,73656,0,1
3070,28510,73680,0,1
3071,28510,73704,1,0
3072,28510,73728,1,0
3073,28510,73752,1,0
3074,28510,73776,1,0
3075,28510,73800,0,1
3076,28510,73824,0,1
3077,28510,73848,0,1
3078,28510,73872,0,1
3079,28510,73896,0,1
3080,28510,73920,0,1
3081,28510,73944,0,1
3082,28510,73968,0,1
3083,28510,73992,0,1
3084,28510,74016,0,1
3085,28510,74040,0,1
3086,28510,74064,1,0
3087,28510,74088,1,0
3088,28510,74112,0,1
3089,28510,74136,0,1
3090,28510,74160,0,1
3091,28510,74184,0,1
3092,28510,74208,0,1
3093,28510,74232,0,1
3094,28510,74256,0,1
3095,28510,74280,0,1
3096,28510,74304,0,1
3097,28510,74328,0,1
3098,28510,74352,0,1
3099,28510,74376,0,1
3100,28510,74400,0,1
3101,28510,74424,0,1
3102,28510,74448,0,1
3103,28510,74472,0,1
3104,28510,74496,0,1
3105,28510,74520,1,0
3106,28510,74544,0,1
3107,28510,74568,0,1
3108,28510,74592,0,1
3109,28510,74616,0,1
3110,28510,74640,0,1
3111,28510,74664,0,1
3112,28510,74688,0,1
3113,28510,74712,0,1
3114,28510,74736,0,1
3115,28510,74760,0,1
3116,28510,74784,0,1
3117,28510,74808,1,0
3118,28510,74832,0,1
3119,28510,74856,0,1
3120,28510,74880,0,1
3121,28510,74904,0,1
3122,28510,74928,0,1
3123,28510,74952,0,1
3124,28510,74976,0,1
3125,28510,75000,0,1
3126,28510,75024,0,1
3127,28510,75048,0,1
3128,28510,75072,0,1
3129,28510,75096,0,1
3130,28510,75120,0,1
3131,28510,75144,0,1
3132,28510,75168,0,1
3133,28510,75192,0,1
3134,28510,75216,0,1
3135,28510,75240,0,1
3136,28510,75264,0,1
3137,28510,75288,0,1
3138,28510,75312,0,1
3139,28510,75336,0,1
3140,28510,75360,0,1
3141,28510,75384,0,1
3142,28510,75408,0,1
3143,28510,75432,0,1
3144,28510,75456,0,1
3145,28510,75480,0,1
3146,28510,75504,0,1
3147,28510,75528,0,1
3148,28510,75552,0,1
3149,28510,75576,0,1
3150,28510,75600,0,1
3151,28510,75624,0,1
3152,28510,75648,0,1
3153,28510,75672,0,1
3154,28510,75696,0,1
3155,28510,75720,0,1
3156,28510,75744,0,1
3157,28510,75768,0,1
3158,28510,75792,0,1
3159,28510,75816,0,1
3160,28510,75840,0,1
3161,28510,75864,0,1
3162,28510,75888,0,1
3163,28510,75912,0,1
3164,28510,75936,0,1
3165,28510,75960,0,1
3166,28510,75984,0,1
3167,28510,76008,0,1
3168,28510,76032,0,1
3169,28510,76056,0,1
3170,28510,76080,0,1
3171,28510,76104,0,1
3172,28510,76128,0,1
3173,28510,76152,0,1
3174,28510,76176,0,1
3175,28510,76200,0,1
3176,28510,76224,0,1
3177,28510,76248,0,1
3178,28510,76272,0,1
3179,28510,76296,0,1
3180,28510,76320,0,1
3181,28510,76344,0,1
3182,28510,76368,0,1
3183,28510,76392,1,0
3184,28510,76416,1,0
3185,28510,76440,1,0
3186,28510,76464,0,1
3187,28510,76488,0,1
3188,28510,76512,0,1
3189,28510,76536,0,1
3190,28510,76560,0,1
3191,28510,76584,0,1
3192,28510,76608,0,1
3193,28510,76632,0,1
3194,28510,76656,0,1
3195,28510,76680,0,1
3196,28510,76704,0,1
3197,28510,76728,0,1
3198,28510,76752,0,1
3199,28510,76776,0,1
3200,28510,76800,0,1
3201,28510,76824,0,1
3202,28510,76848,0,1
3203,28510,76872,0,1
3204,28510,76896,0,1
3205,28510,76920,0,1
3206,28510,76944,0,1
3207,28510,76968,0,1
3208,28510,76992,0,1
3209,28510,77016,0,1
3210,28510,77040,0,1
3211,28510,77064,0,1
3212,28510,77088,0,1
3213,28510,77112,0,1
3214,28510,77136,0,1
3215,28510,77160,0,1
3216,28510,77184,0,1
3217,28510,77208,0,1
3218,28510,77232,0,1
3219,28510,77256,0,1
3220,28510,77280,0,1
3221,28510,77304,0,1
3222,28510,77328,0,1
3223,28510,77352,0,1
3224,28510,77376,0,1
3225,28510,77400,0,1
3226,28510,77424,1,0
3227,28510,77448,1,0
3228,28510,77472,0,1
3229,28510,77496,0,1
3230,28510,77520,0,1
3231,28510,77544,0,1
3232,28510,77568,0,1
3233,28510,77592,0,1
3234,28510,77616,0,1
3235,28510,77640,1,0
3236,28510,77664,0,1
3237,28510,77688,0,1
3238,28510,77712,0,1
3239,28510,77736,0,1
3240,28510,77760,1,0
3241,28510,77784,1,0
3242,28510,77808,0,1
3243,28510,77832,0,1
3244,28510,77856,0,1
3245,28510,77880,0,1
3246,28510,77904,1,0
3247,28510,77928,0,1
3248,28510,77952,0,1
3249,28510,77976,0,1
3250,28510,78000,0,1
3251,28510,78024,0,1
3252,28510,78048,0,1
3253,28510,78072,0,1
3254,28510,78096,0,1
3255,28510,78120,0,1
3256,28510,78144,0,1
3257,28510,78168,0,1
3258,28510,78192,0,1
3259,28510,78216,0,1
3260,28510,78240,0,1
3261,28510,78264,0,1
3262,28510,78288,0,1
3263,28510,78312,0,1
3264,28510,78336,0,1
3265,28510,78360,1,0
3266,28510,78384,1,0
3267,28510,78408,0,1
3268,28510,78432,1,0
3269,28510,78456,1,0
3270,28510,78480,0,1
3271,28510,78504,0,1
3272,28510,78528,0,1
3273,28510,78552,0,1
3274,28510,78576,0,1
3275,28510,78600,0,1
3276,28510,78624,0,1
3277,28510,78648,0,1
3278,28510,78672,0,1
3279,28510,78696,0,1
3280,28510,78720,0,1
3281,28510,78744,0,1
3282,28510,78768,0,1
3283,28510,78792,0,1
3284,28510,78816,0,1
3285,28510,78840,0,1
3286,28510,78864,0,1
3287,28510,78888,0,1
3288,28510,78912,0,1
3289,28510,78936,0,1
3290,28510,78960,0,1
3291,28510,78984,0,1
3292,28510,79008,0,1
3293,28510,79032,0,1
3294,28510,79056,0,1
3295,28510,79080,0,1
3296,28510,79104,0,1
3297,28510,79128,0,1
3298,28510,79152,0,1
3299,28510,79176,0,1
3300,28510,79200,0,1
3301,28510,79224,0,1
3302,28510,79248,0,1
3303,28510,79272,0,1
3304,28510,79296,0,1
3305,28510,79320,0,1
3306,28510,79344,0,1
3307,28510,79368,0,1
3308,28510,79392,0,1
3309,28510,79416,1,0
3310,28510,79440,0,1
3311,28510,79464,0,1
3312,28510,79488,0,1
3313,28510,79512,0,1
3314,28510,79536,0,1
3315,28510,79560,0,1
3316,28510,79584,0,1
3317,28510,79608,0,1
3318,28510,79632,0,1
3319,28510,79656,0,1
3320,28510,79680,0,1
3321,28510,79704,0,1
3322,28510,79728,0,1
3323,28510,79752,0,1
3324,28510,79776,0,1
3325,28510,79800,0,1
3326,28510,79824,0,1
3327,28510,79848,0,1
3328,28510,79872,0,1
3329,28510,79896,0,1
3330,28510,79920,0,1
3331,28510,79944,0,1
3332,28510,79968,0,1
3333,28510,79992,0,1
3334,28510,80016,0,1
3335,28510,80040,0,1
3336,28510,80064,0,1
3337,28510,80088,0,1
3338,28510,80112,0,1
3339,28510,80136,0,1
3340,28510,80160,0,1
3341,28510,80184,0,1
3342,28510,80208,0,1
3343,28510,80232,0,1
3344,28510,80256,0,1
3345,28510,80280,0,1
3346,28510,80304,0,1
3347,28510,80328,0,1
3348,28510,80352,0,1
3349,28510,80376,0,1
3350,28510,80400,0,1
3351,28510,80424,0,1
3352,28510,80448,0,1
3353,28510,80472,0,1
3354,28510,80496,0,1
3355,28510,80520,0,1
3356,28510,80544,0,1
3357,28510,80568,0,1
3358,28510,80592,0,1
3359,28510,80616,0,1
3360,28510,80640,0,1
3361,28510,80664,0,1
3362,28510,80688,0,1
3363,28510,80712,0,1
3364,28510,80736,0,1
3365,28510,80760,0,1
3366,28510,80784,0,1
3367,28510,80808,0,1
3368,28510,80832,0,1
3369,28510,80856,0,1
3370,28510,80880,0,1
3371,28510,80904,0,1
3372,28510,80928,0,1
3373,28510,80952,0,1
3374,28510,80976,1,0
3375,28510,81000,1,0
3376,28510,81024,0,1
3377,28510,81048,0,1
3378,28510,81072,1,0
3379,28510,81096,1,0
3380,28510,81120,0,1
3381,28510,81144,0,1
3382,28510,81168,0,1
3383,28510,81192,0,1
3384,28510,81216,0,1
3385,28510,81240,0,1
3386,28510,81264,0,1
3387,28510,81288,1,0
3388,28510,81312,1,0
3389,28510,81336,0,1
3390,28510,81360,0,1
3391,28510,81384,0,1
3392,28510,81408,1,0
3393,28510,81432,0,1
3394,28510,81456,0,1
3395,28510,81480,0,1
3396,28510,81504,0,1
3397,28510,81528,0,1
3398,28510,81552,0,1
3399,28510,81576,0,1
3400,28510,81600,0,1
3401,28510,81624,0,1
3402,28510,81648,1,0
3403,28510,81672,0,1
3404,28510,81696,1,0
3405,28510,81720,1,0
3406,28510,81744,1,0
3407,28510,81768,1,0
3408,28510,81792,1,0
3409,28510,81816,1,0
3410,28510,81840,0,1
3411,28510,81864,0,1
3412,28510,81888,0,1
3413,28510,81912,0,1
3414,28510,81936,0,1
3415,28510,81960,0,1
3416,28510,81984,0,1
3417,28510,82008,1,0
3418,28510,82032,1,0
3419,28510,82056,0,1
3420,28510,82080,0,1
3421,28510,82104,0,1
3422,28510,82128,0,1
3423,28510,82152,0,1
3424,28510,82176,0,1
3425,28510,82200,0,1
3426,28510,82224,0,1
3427,28510,82248,0,1
3428,28510,82272,0,1
3429,28510,82296,0,1
3430,28510,82320,0,1
3431,28510,82344,0,1
3432,28510,82368,0,1
3433,28510,82392,0,1
3434,28510,82416,0,1
3435,28510,82440,0,1
3436,28510,82464,0,1
3437,28510,82488,0,1
3438,28510,82512,0,1
3439,28510,82536,0,1
3440,28510,82560,0,1
3441,28510,82584,0,1
3442,28510,82608,0,1
3443,28510,82632,0,1
3444,28510,82656,0,1
3445,28510,82680,0,1
3446,28510,82704,0,1
3447,28510,82728,0,1
3448,28510,82752,0,1
3449,28510,82776,0,1
3450,28510,82800,0,1
3451,28510,82824,0,1
3452,28510,82848,0,1
3453,28510,82872,0,1
3454,28510,82896,0,1
3455,28510,82920,0,1
3456,28510,82944,0,1
3457,28510,82968,0,1
3458,28510,82992,0,1
3459,28510,83016,0,1
3460,28510,83040,0,1
3461,28510,83064,0,1
3462,28510,83088,0,1
3463,28510,83112,0,1
3464,28510,83136,0,1
3465,28510,83160,0,1
3466,28510,83184,0,1
3467,28510,83208,0,1
3468,28510,83232,0,1
3469,28510,83256,0,1
3470,28510,83280,0,1
3471,28510,83304,0,1
3472,28510,83328,0,1
3473,28510,83352,0,1
3474,28510,83376,0,1
3475,28510,83400,0,1
3476,28510,83424,0,1
3477,28510,83448,0,1
3478,28510,83472,0,1
3479,28510,83496,0,1
3480,28510,83520,0,1
